approach,run,round,F1,total_time,training_time,communication_time,agent_time,ap_list
Debate-based,r1,1,0.7322,90.94,30.242,20.778,78.64,"{OFF,OFF,OFF,OFF,OFF,OFF}"
Debate-based,r1,2,0.767,115.78,53.029999999999994,33.3,31.32,"{OFF,OFF,OFF,OFF,OFF,OFF}"
Debate-based,r1,3,0.7545,81.6,34.016666666666666,22.376666666666665,34.88,"{ON,OFF,OFF,OFF,OFF,OFF}"
Debate-based,r1,4,0.7584,100.15,70.07333333333334,16.02,27.7,"{ON,OFF,OFF,OFF,OFF,OFF}"
Debate-based,r1,5,0.7988,162.18,94.71599999999998,32.146,30.06,"{OFF,OFF,OFF,OFF,OFF,OFF}"
Debate-based,r1,6,0.82,269.58,29.186666666666667,21.820000000000004,37.59,"{ON,OFF,OFF,OFF,OFF,ON}"
Debate-based,r1,7,0.7999,241.29,42.50333333333333,14.219999999999999,33.1,"{ON,OFF,OFF,OFF,OFF,ON}"
Debate-based,r1,8,0.8159,141.26,77.48333333333333,32.81666666666667,28.51,"{ON,OFF,OFF,OFF,OFF,OFF}"
Debate-based,r1,9,0.824,222.53,159.164,36.628,33.26,"{OFF,OFF,OFF,OFF,OFF,OFF}"
Debate-based,r1,10,0.7982,228.85,43.74666666666667,24.896666666666665,0.0,"{ON,OFF,OFF,OFF,OFF,ON}"
Debate-based,r10,1,0.7024,97.74,33.112,26.625999999999998,34.22,"{OFF,OFF,OFF,OFF,OFF,OFF}"
Debate-based,r10,2,0.7091,155.49,13.353333333333333,16.676666666666666,28.6,"{ON,OFF,OFF,OFF,OFF,ON}"
Debate-based,r10,3,0.7865,142.35,70.566,25.364,26.96,"{OFF,OFF,OFF,OFF,OFF,OFF}"
Debate-based,r10,4,0.8108,149.08,82.324,40.928,31.35,"{OFF,OFF,OFF,OFF,OFF,OFF}"
Debate-based,r10,5,0.8143,163.24,103.476,27.086000000000002,26.12,"{OFF,OFF,OFF,OFF,OFF,OFF}"
Debate-based,r10,6,0.7961,234.16,27.586666666666662,20.75,33.29,"{ON,OFF,OFF,OFF,OFF,ON}"
Debate-based,r10,7,0.8404,215.72,141.546,41.808,32.16,"{ON,OFF,OFF,OFF,OFF,OFF}"
Debate-based,r10,8,0.8123,148.87,80.36333333333333,33.28333333333333,29.42,"{ON,OFF,ON,OFF,OFF,OFF}"
Debate-based,r10,9,0.8405,229.86,163.14600000000002,44.124,30.51,"{OFF,OFF,OFF,OFF,OFF,OFF}"
Debate-based,r10,10,0.8262,246.36,171.294,44.788,0.0,"{OFF,OFF,ON,OFF,OFF,OFF}"
Debate-based,r2,1,0.7075,103.08,35.36,30.874000000000002,44.12,"{OFF,OFF,OFF,OFF,OFF,OFF}"
Debate-based,r2,2,0.787,124.19,54.45,22.244,29.83,"{OFF,OFF,OFF,OFF,OFF,OFF}"
Debate-based,r2,3,0.7556,119.77,24.633333333333336,22.590000000000003,31.49,"{ON,OFF,OFF,OFF,OFF,ON}"
Debate-based,r2,4,0.785,99.19,54.28,23.406666666666666,43.59,"{ON,OFF,OFF,OFF,OFF,OFF}"
Debate-based,r2,5,0.7602,106.76,69.16,21.99,39.71,"{ON,OFF,OFF,OFF,OFF,OFF}"
Debate-based,r2,6,0.7991,129.48,65.86666666666667,31.2,38.56,"{ON,OFF,OFF,OFF,OFF,OFF}"
Debate-based,r2,7,0.8079,213.1,128.602,45.06,143.18,"{OFF,OFF,OFF,OFF,OFF,OFF}"
Debate-based,r2,8,0.7935,184.08,42.083333333333336,20.043333333333333,38.0,"{ON,OFF,OFF,OFF,OFF,ON}"
Debate-based,r2,9,0.829,197.7,138.328,34.698,27.99,"{OFF,OFF,OFF,OFF,OFF,OFF}"
Debate-based,r2,10,0.832,235.48,158.19,43.248000000000005,0.0,"{OFF,OFF,OFF,OFF,OFF,OFF}"
Debate-based,r3,1,0.7158,114.56,37.878,23.532000000000004,46.22,"{OFF,OFF,OFF,OFF,OFF,OFF}"
Debate-based,r3,2,0.6934,240.12,17.069999999999997,9.63,31.72,"{ON,OFF,OFF,OFF,OFF,ON}"
Debate-based,r3,3,0.791,129.32,64.18199999999999,27.4,37.53,"{OFF,OFF,OFF,OFF,OFF,OFF}"
Debate-based,r3,4,0.794,151.5,84.804,26.748,30.53,"{OFF,OFF,OFF,OFF,OFF,OFF}"
Debate-based,r3,5,0.7756,169.0,102.54400000000001,38.624,33.98,"{OFF,OFF,OFF,OFF,OFF,OFF}"
Debate-based,r3,6,0.7903,133.18,77.42333333333335,31.12,38.23,"{ON,OFF,OFF,OFF,OFF,OFF}"
Debate-based,r3,7,0.7972,135.09,69.21666666666667,32.37,37.14,"{ON,OFF,OFF,OFF,OFF,OFF}"
Debate-based,r3,8,0.795,407.96,35.98,23.723333333333333,45.72,"{ON,OFF,OFF,OFF,OFF,ON}"
Debate-based,r3,9,0.8377,231.29,164.0,42.08,26.45,"{OFF,OFF,OFF,OFF,OFF,OFF}"
Debate-based,r3,10,0.8194,268.99,167.45999999999998,50.72,0.0,"{OFF,OFF,ON,OFF,OFF,OFF}"
Debate-based,r4,1,0.6697,97.79,31.810000000000002,26.368000000000002,38.11,"{OFF,OFF,OFF,OFF,OFF,OFF}"
Debate-based,r4,2,0.7518,112.32,51.71600000000001,25.992,30.28,"{OFF,OFF,OFF,OFF,OFF,OFF}"
Debate-based,r4,3,0.7881,134.55,69.44800000000001,29.936,34.81,"{OFF,OFF,OFF,OFF,OFF,OFF}"
Debate-based,r4,4,0.8063,386.39,63.646,37.468,43.13,"{OFF,OFF,ON,OFF,OFF,ON}"
Debate-based,r4,5,0.7715,301.74,24.070000000000004,16.913333333333334,35.97,"{ON,OFF,OFF,OFF,OFF,ON}"
Debate-based,r4,6,0.8169,185.49,120.526,39.948,26.49,"{OFF,OFF,OFF,OFF,OFF,OFF}"
Debate-based,r4,7,0.8328,214.52,139.292,47.008,39.79,"{OFF,OFF,OFF,OFF,OFF,OFF}"
Debate-based,r4,8,0.7902,210.55,42.98666666666667,23.569999999999997,36.43,"{ON,OFF,ON,OFF,OFF,ON}"
Debate-based,r4,9,0.8054,245.25,50.18333333333334,13.776666666666666,26.96,"{ON,OFF,OFF,OFF,OFF,ON}"
Debate-based,r4,10,0.8221,260.16,172.08,53.28000000000001,0.0,"{OFF,OFF,OFF,OFF,OFF,OFF}"
Debate-based,r5,1,0.7078,116.04,35.908,27.597999999999995,38.01,"{OFF,OFF,OFF,OFF,OFF,OFF}"
Debate-based,r5,2,0.7029,123.87,12.936666666666667,15.583333333333334,38.42,"{ON,OFF,OFF,OFF,OFF,ON}"
Debate-based,r5,3,0.7484,151.56,70.812,28.756000000000007,30.87,"{ON,OFF,OFF,OFF,OFF,OFF}"
Debate-based,r5,4,0.7996,155.26,80.504,35.10600000000001,29.61,"{OFF,OFF,OFF,OFF,OFF,OFF}"
Debate-based,r5,5,0.8164,181.62,107.04,33.852,56.19,"{OFF,OFF,OFF,OFF,OFF,OFF}"
Debate-based,r5,6,0.8039,195.37,125.998,32.07,29.2,"{ON,OFF,OFF,OFF,OFF,OFF}"
Debate-based,r5,7,0.8203,206.41,148.796,36.440000000000005,46.47,"{OFF,OFF,OFF,OFF,OFF,OFF}"
Debate-based,r5,8,0.7997,429.81,44.67333333333334,12.413333333333334,27.86,"{ON,OFF,OFF,OFF,OFF,ON}"
Debate-based,r5,9,0.8059,144.41,112.35333333333334,21.366666666666664,114.7,"{ON,OFF,OFF,OFF,OFF,OFF}"
Debate-based,r5,10,0.816,143.04,105.73333333333335,26.123333333333335,0.0,"{ON,OFF,OFF,OFF,OFF,OFF}"
Debate-based,r6,1,0.6734,103.4,35.048,27.656,39.08,"{OFF,OFF,OFF,OFF,OFF,OFF}"
Debate-based,r6,2,0.7724,110.66,50.717999999999996,30.190000000000005,35.77,"{ON,OFF,OFF,OFF,OFF,OFF}"
Debate-based,r6,3,0.7951,134.28,69.98599999999999,34.946000000000005,34.76,"{ON,OFF,OFF,OFF,OFF,OFF}"
Debate-based,r6,4,0.8011,168.77,97.582,33.84,40.05,"{ON,OFF,OFF,OFF,OFF,OFF}"
Debate-based,r6,5,0.7616,122.47,65.78999999999999,27.320000000000004,30.61,"{ON,OFF,OFF,OFF,OFF,OFF}"
Debate-based,r6,6,0.774,132.41,82.61333333333333,26.076666666666668,32.78,"{ON,OFF,OFF,OFF,OFF,OFF}"
Debate-based,r6,7,0.8136,461.49,97.196,42.306,41.39,"{OFF,OFF,ON,OFF,OFF,ON}"
Debate-based,r6,8,0.8148,221.22,160.76,42.248000000000005,48.66,"{ON,OFF,OFF,OFF,OFF,OFF}"
Debate-based,r6,9,0.8127,162.28,107.92666666666666,27.939999999999998,32.09,"{ON,OFF,OFF,OFF,OFF,OFF}"
Debate-based,r6,10,0.8192,266.34,173.94400000000002,49.404,0.0,"{OFF,OFF,OFF,OFF,OFF,OFF}"
Debate-based,r7,1,0.7263,114.55,35.782,30.706,41.82,"{OFF,OFF,OFF,OFF,OFF,OFF}"
Debate-based,r7,2,0.7008,146.88,13.476666666666667,11.79,43.16,"{ON,OFF,OFF,OFF,OFF,ON}"
Debate-based,r7,3,0.7873,291.14,61.513999999999996,32.128,35.47,"{ON,OFF,OFF,OFF,OFF,ON}"
Debate-based,r7,4,0.7967,101.81,47.51333333333334,25.84,47.34,"{ON,OFF,OFF,OFF,OFF,OFF}"
Debate-based,r7,5,0.8221,176.67,101.074,37.104,31.93,"{ON,OFF,OFF,OFF,OFF,OFF}"
Debate-based,r7,6,0.8228,490.43,96.002,36.176,43.58,"{ON,OFF,OFF,OFF,OFF,ON}"
Debate-based,r7,7,0.8159,491.92,72.252,28.764,138.09,"{OFF,OFF,OFF,OFF,OFF,ON}"
Debate-based,r7,8,0.8378,213.16,149.23600000000002,39.227999999999994,42.01,"{OFF,OFF,ON,OFF,OFF,OFF}"
Debate-based,r7,9,0.8232,227.55,164.52599999999998,48.354,115.14,"{OFF,OFF,OFF,OFF,OFF,OFF}"
Debate-based,r7,10,0.8476,261.46,178.51,51.858000000000004,0.0,"{OFF,OFF,OFF,OFF,OFF,OFF}"
Debate-based,r8,1,0.7071,100.35,32.184,27.594,40.32,"{OFF,OFF,OFF,OFF,OFF,OFF}"
Debate-based,r8,2,0.779,545.04,46.826,36.14,41.8,"{OFF,OFF,ON,OFF,OFF,ON}"
Debate-based,r8,3,0.7889,288.35,55.48199999999999,31.492,25.36,"{OFF,OFF,ON,OFF,OFF,ON}"
Debate-based,r8,4,0.7294,163.05,21.46666666666667,26.69666666666667,37.03,"{ON,OFF,OFF,OFF,OFF,ON}"
Debate-based,r8,5,0.807,112.4,71.38,21.99,28.57,"{ON,OFF,OFF,OFF,OFF,OFF}"
Debate-based,r8,6,0.8081,371.64,70.22800000000001,28.946000000000005,56.79,"{ON,OFF,OFF,OFF,OFF,ON}"
Debate-based,r8,7,0.8067,133.25,84.84333333333335,29.756666666666664,31.81,"{ON,OFF,OFF,OFF,OFF,OFF}"
Debate-based,r8,8,0.7932,159.34,109.56,29.646666666666665,89.68,"{ON,OFF,OFF,OFF,OFF,OFF}"
Debate-based,r8,9,0.8396,244.15,154.578,44.302,127.62,"{OFF,OFF,OFF,OFF,OFF,OFF}"
Debate-based,r8,10,0.8404,239.95,172.206,45.952,0.0,"{OFF,OFF,OFF,OFF,OFF,OFF}"
Debate-based,r9,1,0.7152,95.88,32.736000000000004,19.086000000000002,36.55,"{OFF,OFF,OFF,OFF,OFF,OFF}"
Debate-based,r9,2,0.7816,129.06,53.303999999999995,33.358,32.0,"{ON,OFF,OFF,OFF,OFF,OFF}"
Debate-based,r9,3,0.7968,140.83,75.386,37.471999999999994,65.91,"{ON,OFF,OFF,OFF,OFF,OFF}"
Debate-based,r9,4,0.8148,154.62,91.042,26.662,26.89,"{OFF,OFF,OFF,OFF,OFF,OFF}"
Debate-based,r9,5,0.786,101.0,63.60333333333333,19.19666666666667,29.78,"{ON,OFF,OFF,OFF,OFF,OFF}"
Debate-based,r9,6,0.8004,182.79,120.67199999999998,32.160000000000004,41.79,"{ON,OFF,OFF,OFF,OFF,OFF}"
Debate-based,r9,7,0.8067,230.06,147.936,48.342,0.0,"{ON,OFF,OFF,OFF,OFF,OFF}"
Expert-Driven,r1,1,0.627,108.8,32.775999999999996,27.972,0.0,"{OFF,OFF,OFF,OFF,OFF,OFF}"
Expert-Driven,r1,2,0.7054,109.28,40.024,22.369999999999997,0.0,"{OFF,OFF,OFF,OFF,OFF,OFF}"
Expert-Driven,r1,3,0.7113,122.4,52.35,30.724,0.0,"{OFF,OFF,ON,OFF,OFF,OFF}"
Expert-Driven,r1,4,0.7758,124.17,63.762,30.227999999999998,0.0,"{OFF,OFF,OFF,OFF,OFF,OFF}"
Expert-Driven,r1,5,0.785,73.11,35.663333333333334,19.77,0.01,"{ON,OFF,ON,OFF,OFF,OFF}"
Expert-Driven,r1,6,0.7908,146.16,82.168,29.083999999999996,0.0,"{OFF,OFF,OFF,OFF,OFF,OFF}"
Expert-Driven,r1,7,0.7975,177.21,110.21400000000001,42.132,0.0,"{OFF,OFF,OFF,OFF,OFF,OFF}"
Expert-Driven,r1,8,0.7926,97.56,61.626666666666665,19.68,0.01,"{ON,OFF,ON,OFF,OFF,OFF}"
Expert-Driven,r1,9,0.8191,116.17,63.57666666666666,29.106666666666666,0.0,"{ON,OFF,ON,OFF,OFF,OFF}"
Expert-Driven,r1,10,0.7845,452.88,120.07000000000001,51.596000000000004,0.0,"{OFF,OFF,OFF,OFF,OFF,ON}"
Expert-Driven,r10,1,0.6733,121.07,36.14,32.74400000000001,0.0,"{OFF,OFF,OFF,OFF,OFF,OFF}"
Expert-Driven,r10,2,0.6596,121.05,45.472,36.958000000000006,0.01,"{OFF,OFF,OFF,OFF,OFF,OFF}"
Expert-Driven,r10,3,0.7485,131.0,56.17,31.413999999999998,0.0,"{OFF,OFF,ON,OFF,OFF,OFF}"
Expert-Driven,r10,4,0.7411,72.3,33.25333333333333,21.919999999999998,0.01,"{ON,OFF,ON,OFF,OFF,OFF}"
Expert-Driven,r10,5,0.7636,146.09,79.33000000000001,28.824,0.0,"{OFF,OFF,OFF,OFF,OFF,OFF}"
Expert-Driven,r10,6,0.7808,647.87,73.72999999999999,35.408,0.01,"{OFF,OFF,OFF,OFF,OFF,ON}"
Expert-Driven,r10,7,0.8116,115.84,65.54666666666667,26.903333333333336,0.01,"{ON,OFF,ON,OFF,OFF,OFF}"
Expert-Driven,r10,8,0.7893,119.09,72.82666666666667,23.353333333333335,0.01,"{ON,OFF,ON,OFF,OFF,OFF}"
Expert-Driven,r10,9,0.8122,232.82,139.872,55.246,0.01,"{OFF,OFF,OFF,OFF,OFF,OFF}"
Expert-Driven,r10,10,0.8344,285.59,41.410000000000004,34.13333333333333,0.0,"{ON,OFF,OFF,OFF,OFF,ON}"
Expert-Driven,r2,1,0.6445,92.37,25.24,26.806,0.0,"{OFF,OFF,OFF,OFF,OFF,OFF}"
Expert-Driven,r2,2,0.7228,105.57,37.164,33.126000000000005,0.01,"{OFF,OFF,OFF,OFF,OFF,OFF}"
Expert-Driven,r2,3,0.7572,127.83,54.36,37.525999999999996,0.01,"{OFF,OFF,ON,OFF,OFF,OFF}"
Expert-Driven,r2,4,0.7509,73.95,33.760000000000005,14.636666666666665,0.01,"{ON,OFF,ON,OFF,OFF,OFF}"
Expert-Driven,r2,5,0.7694,96.59,45.03,22.136666666666667,0.01,"{ON,OFF,ON,OFF,OFF,OFF}"
Expert-Driven,r2,6,0.7709,482.6,94.456,24.7,0.02,"{OFF,OFF,OFF,OFF,OFF,ON}"
Expert-Driven,r2,7,0.78,92.02,53.13333333333333,21.833333333333332,0.01,"{ON,OFF,ON,OFF,OFF,OFF}"
Expert-Driven,r2,8,0.8048,98.57,54.48333333333334,24.736666666666668,0.0,"{ON,OFF,ON,OFF,OFF,OFF}"
Expert-Driven,r2,9,0.7932,176.87,111.88199999999999,35.766000000000005,0.01,"{OFF,OFF,OFF,OFF,OFF,OFF}"
Expert-Driven,r2,10,0.8212,115.99,77.90333333333332,22.37,0.0,"{ON,OFF,ON,OFF,OFF,OFF}"
Expert-Driven,r3,1,0.6245,103.87,27.089999999999996,25.044000000000004,0.0,"{OFF,OFF,OFF,OFF,OFF,OFF}"
Expert-Driven,r3,2,0.6923,151.99,45.202,32.519999999999996,0.01,"{OFF,OFF,OFF,OFF,OFF,OFF}"
Expert-Driven,r3,3,0.7457,150.65,62.629999999999995,26.338,0.01,"{OFF,OFF,ON,OFF,OFF,OFF}"
Expert-Driven,r3,4,0.7892,81.77,34.169999999999995,26.043333333333333,0.01,"{ON,OFF,ON,OFF,OFF,OFF}"
Expert-Driven,r3,5,0.7896,159.76,86.74199999999999,29.871999999999996,0.0,"{OFF,OFF,OFF,OFF,OFF,OFF}"
Expert-Driven,r3,6,0.7621,183.18,102.71799999999999,37.438,0.01,"{OFF,OFF,OFF,OFF,OFF,OFF}"
Expert-Driven,r3,7,0.8015,104.02,54.76333333333333,29.21666666666667,0.01,"{ON,OFF,ON,OFF,OFF,OFF}"
Expert-Driven,r3,8,0.8039,106.89,61.99333333333333,20.19666666666667,0.01,"{ON,OFF,ON,OFF,OFF,OFF}"
Expert-Driven,r3,9,0.7949,211.81,136.38400000000001,31.329999999999995,0.01,"{OFF,OFF,OFF,OFF,OFF,OFF}"
Expert-Driven,r3,10,0.8025,128.39,68.05,30.73,0.0,"{ON,OFF,OFF,OFF,OFF,OFF}"
Expert-Driven,r4,1,0.6654,102.13,30.127999999999997,27.863999999999997,0.0,"{OFF,OFF,OFF,OFF,OFF,OFF}"
Expert-Driven,r4,2,0.7173,115.06,38.862,24.084000000000003,0.01,"{OFF,OFF,OFF,OFF,OFF,OFF}"
Expert-Driven,r4,3,0.7312,117.88,52.852,30.516,0.01,"{OFF,OFF,ON,OFF,OFF,OFF}"
Expert-Driven,r4,4,0.7837,81.26,25.493333333333336,25.893333333333334,0.0,"{ON,OFF,OFF,OFF,OFF,OFF}"
Expert-Driven,r4,5,0.8,101.37,39.10333333333333,28.30666666666667,0.0,"{ON,OFF,ON,OFF,OFF,OFF}"
Expert-Driven,r4,6,0.7811,154.12,81.306,44.379999999999995,0.0,"{OFF,OFF,OFF,OFF,OFF,OFF}"
Expert-Driven,r4,7,0.8054,89.91,51.14666666666667,20.61,0.0,"{ON,OFF,ON,OFF,OFF,OFF}"
Expert-Driven,r4,8,0.7966,109.4,56.65,26.650000000000002,0.0,"{ON,OFF,ON,OFF,OFF,OFF}"
Expert-Driven,r4,9,0.8022,174.46,111.742,29.432,0.0,"{OFF,OFF,OFF,OFF,OFF,OFF}"
Expert-Driven,r4,10,0.8109,384.36,25.676666666666666,22.44666666666667,0.0,"{ON,OFF,ON,OFF,OFF,ON}"
Expert-Driven,r5,1,0.6464,92.53,27.898000000000003,20.729999999999997,0.0,"{OFF,OFF,OFF,OFF,OFF,OFF}"
Expert-Driven,r5,2,0.6665,127.64,44.63,29.826,0.01,"{OFF,OFF,OFF,OFF,OFF,OFF}"
Expert-Driven,r5,3,0.7444,135.69,56.352,32.142,0.01,"{OFF,OFF,ON,OFF,OFF,OFF}"
Expert-Driven,r5,4,0.7463,63.04,30.936666666666667,12.709999999999999,0.0,"{ON,OFF,ON,OFF,OFF,OFF}"
Expert-Driven,r5,5,0.7598,160.34,83.54799999999999,41.858,0.01,"{OFF,OFF,ON,OFF,OFF,OFF}"
Expert-Driven,r5,6,0.7605,158.5,90.184,26.046,0.01,"{OFF,OFF,OFF,OFF,OFF,OFF}"
Expert-Driven,r5,7,0.7838,89.13,52.656666666666666,21.27,0.01,"{ON,OFF,ON,OFF,OFF,OFF}"
Expert-Driven,r5,8,0.7982,175.36,111.88199999999999,35.45,0.01,"{OFF,OFF,OFF,OFF,OFF,OFF}"
Expert-Driven,r5,9,0.7932,203.75,127.52799999999999,45.526,0.01,"{OFF,OFF,OFF,OFF,OFF,OFF}"
Expert-Driven,r5,10,0.8163,139.84,71.00333333333333,31.69333333333333,0.0,"{ON,OFF,ON,OFF,OFF,OFF}"
Expert-Driven,r6,1,0.6597,116.82,28.883999999999997,31.398000000000003,0.0,"{OFF,OFF,OFF,OFF,OFF,OFF}"
Expert-Driven,r6,2,0.717,114.6,40.504,34.218,0.0,"{OFF,OFF,OFF,OFF,OFF,OFF}"
Expert-Driven,r6,3,0.7584,165.37,71.126,40.104,0.01,"{OFF,OFF,ON,OFF,OFF,OFF}"
Expert-Driven,r6,4,0.7561,152.57,66.30799999999999,37.434,0.01,"{OFF,OFF,ON,OFF,OFF,OFF}"
Expert-Driven,r6,5,0.7686,87.74,45.98,21.679999999999996,0.0,"{ON,OFF,ON,OFF,OFF,OFF}"
Expert-Driven,r6,6,0.7566,449.73,81.798,27.186,0.02,"{OFF,OFF,OFF,OFF,OFF,ON}"
Expert-Driven,r6,7,0.7878,177.56,108.204,37.876,0.01,"{OFF,OFF,OFF,OFF,OFF,OFF}"
Expert-Driven,r6,8,0.8154,131.94,68.07666666666667,34.203333333333326,0.02,"{ON,OFF,ON,OFF,OFF,OFF}"
Expert-Driven,r6,9,0.8015,206.59,141.26999999999998,41.09400000000001,0.01,"{OFF,OFF,ON,OFF,OFF,OFF}"
Expert-Driven,r6,10,0.7786,228.96,140.25600000000003,48.692,0.0,"{OFF,OFF,OFF,OFF,OFF,OFF}"
Expert-Driven,r7,1,0.5904,102.77,25.204,30.098000000000003,0.0,"{OFF,OFF,OFF,OFF,OFF,OFF}"
Expert-Driven,r7,2,0.6816,121.36,43.196,35.83,0.01,"{OFF,OFF,OFF,OFF,OFF,OFF}"
Expert-Driven,r7,3,0.7283,131.07,57.124,25.535999999999998,0.01,"{OFF,OFF,ON,OFF,OFF,OFF}"
Expert-Driven,r7,4,0.6998,72.11,35.24666666666666,16.67,0.01,"{ON,OFF,ON,OFF,OFF,OFF}"
Expert-Driven,r7,5,0.8071,85.33,37.6,25.900000000000002,0.01,"{ON,OFF,OFF,OFF,OFF,OFF}"
Expert-Driven,r7,6,0.7801,842.78,84.53399999999999,24.802,0.01,"{OFF,OFF,OFF,OFF,OFF,ON}"
Expert-Driven,r7,7,0.7862,101.79,58.379999999999995,23.153333333333336,0.01,"{ON,OFF,ON,OFF,OFF,OFF}"
Expert-Driven,r7,8,0.7786,120.59,74.39999999999999,20.669999999999998,0.01,"{ON,OFF,OFF,OFF,OFF,OFF}"
Expert-Driven,r7,9,0.7638,219.09,138.60399999999998,32.638,0.01,"{OFF,OFF,OFF,OFF,OFF,OFF}"
Expert-Driven,r7,10,0.8131,412.38,42.71,29.459999999999997,0.0,"{ON,OFF,OFF,OFF,OFF,ON}"
Expert-Driven,r8,1,0.6446,120.51,31.398000000000003,23.088,0.0,"{OFF,OFF,OFF,OFF,OFF,OFF}"
Expert-Driven,r8,2,0.6928,141.63,43.14,36.910000000000004,0.01,"{OFF,OFF,OFF,OFF,OFF,OFF}"
Expert-Driven,r8,3,0.7488,156.27,57.456,29.939999999999998,0.0,"{OFF,OFF,ON,OFF,OFF,OFF}"
Expert-Driven,r8,4,0.7845,81.32,36.29,18.080000000000002,0.0,"{ON,OFF,ON,OFF,OFF,OFF}"
Expert-Driven,r8,5,0.7677,85.46,48.73333333333333,20.886666666666667,0.0,"{ON,OFF,OFF,OFF,OFF,OFF}"
Expert-Driven,r8,6,0.7746,169.57,96.96200000000002,29.246,0.01,"{OFF,OFF,OFF,OFF,OFF,OFF}"
Expert-Driven,r8,7,0.8082,295.55,31.953333333333333,25.55,0.01,"{ON,OFF,ON,OFF,OFF,ON}"
Expert-Driven,r8,8,0.8227,110.18,68.81666666666666,19.14,0.01,"{ON,OFF,ON,OFF,OFF,OFF}"
Expert-Driven,r8,9,0.7858,152.64,79.45333333333333,36.156666666666666,0.01,"{ON,OFF,OFF,OFF,OFF,OFF}"
Expert-Driven,r8,10,0.8105,226.4,132.14600000000002,44.406000000000006,0.0,"{OFF,OFF,OFF,OFF,OFF,OFF}"
Expert-Driven,r9,1,0.6343,121.34,27.372000000000003,24.566000000000003,0.0,"{OFF,OFF,OFF,OFF,OFF,OFF}"
Expert-Driven,r9,2,0.7333,153.84,55.468,35.704,0.01,"{OFF,OFF,OFF,OFF,OFF,OFF}"
Expert-Driven,r9,3,0.7382,168.49,66.19,35.074,0.01,"{OFF,OFF,ON,OFF,OFF,OFF}"
Expert-Driven,r9,4,0.7395,90.65,40.41,25.790000000000003,0.01,"{ON,OFF,ON,OFF,OFF,OFF}"
Expert-Driven,r9,5,0.7867,88.64,46.88666666666666,16.41,0.01,"{ON,OFF,OFF,OFF,OFF,OFF}"
Expert-Driven,r9,6,0.7859,187.22,96.14,36.897999999999996,0.01,"{OFF,OFF,OFF,OFF,OFF,OFF}"
Expert-Driven,r9,7,0.7991,195.16,111.36399999999999,34.336,0.01,"{OFF,OFF,OFF,OFF,OFF,OFF}"
Expert-Driven,r9,8,0.8419,103.32,66.09,22.05,0.01,"{ON,OFF,ON,OFF,OFF,OFF}"
Expert-Driven,r9,9,0.8127,120.81,71.49,26.86,0.01,"{ON,OFF,OFF,OFF,OFF,OFF}"
Expert-Driven,r9,10,0.8107,236.14,150.092,46.85,0.0,"{OFF,OFF,OFF,OFF,OFF,OFF}"
Never,r1,1,0.6437,95.88,26.253999999999998,30.385999999999996,0.0,"{OFF,OFF,OFF,OFF,OFF,OFF}"
Never,r1,2,0.6975,119.93,49.862,28.4,0.0,"{OFF,OFF,OFF,OFF,OFF,OFF}"
Never,r1,3,0.7213,128.66,60.424,32.14,0.0,"{OFF,OFF,OFF,OFF,OFF,OFF}"
Never,r1,4,0.7184,152.36,79.03999999999999,33.0,0.0,"{OFF,OFF,OFF,OFF,OFF,OFF}"
Never,r1,5,0.7576,183.16,103.30799999999999,39.294000000000004,0.0,"{OFF,OFF,OFF,OFF,OFF,OFF}"
Never,r1,6,0.7528,166.45,108.53600000000002,36.894,0.0,"{OFF,OFF,OFF,OFF,OFF,OFF}"
Never,r1,7,0.7615,228.07,115.13,45.682,0.0,"{OFF,OFF,OFF,OFF,OFF,OFF}"
Never,r1,8,0.7786,313.46,244.97599999999997,42.75000000000001,0.0,"{OFF,OFF,OFF,OFF,OFF,OFF}"
Never,r1,9,0.7669,254.76,149.41000000000003,56.803999999999995,0.0,"{OFF,OFF,OFF,OFF,OFF,OFF}"
Never,r1,10,0.7691,223.12,160.232,38.548,0.0,"{OFF,OFF,OFF,OFF,OFF,OFF}"
Never,r10,1,0.6623,79.2,25.615999999999996,21.218,0.0,"{OFF,OFF,OFF,OFF,OFF,OFF}"
Never,r10,2,0.7058,98.86,45.0,23.073999999999998,0.0,"{OFF,OFF,OFF,OFF,OFF,OFF}"
Never,r10,3,0.7224,109.57,55.220000000000006,29.694,0.0,"{OFF,OFF,OFF,OFF,OFF,OFF}"
Never,r10,4,0.7283,125.27,65.22200000000001,21.613999999999997,0.0,"{OFF,OFF,OFF,OFF,OFF,OFF}"
Never,r10,5,0.7674,129.87,81.024,25.113999999999997,0.0,"{OFF,OFF,OFF,OFF,OFF,OFF}"
Never,r10,6,0.7494,161.23,96.824,30.579999999999995,0.0,"{OFF,OFF,OFF,OFF,OFF,OFF}"
Never,r10,7,0.8142,169.37,109.378,30.345999999999997,0.0,"{OFF,OFF,OFF,OFF,OFF,OFF}"
Never,r10,8,0.7787,208.49,130.998,44.03,0.0,"{OFF,OFF,OFF,OFF,OFF,OFF}"
Never,r10,9,0.7753,209.11,133.676,38.757999999999996,0.0,"{OFF,OFF,OFF,OFF,OFF,OFF}"
Never,r10,10,0.788,217.69,139.59799999999998,33.962,0.0,"{OFF,OFF,OFF,OFF,OFF,OFF}"
Never,r2,1,0.595,99.86,28.278,25.056,0.0,"{OFF,OFF,OFF,OFF,OFF,OFF}"
Never,r2,2,0.6797,135.75,53.0,32.208,0.0,"{OFF,OFF,OFF,OFF,OFF,OFF}"
Never,r2,3,0.7326,124.07,59.198,31.058,0.0,"{OFF,OFF,OFF,OFF,OFF,OFF}"
Never,r2,4,0.7455,132.07,66.982,30.131999999999998,0.0,"{OFF,OFF,OFF,OFF,OFF,OFF}"
Never,r2,5,0.7516,158.24,83.106,31.812,0.0,"{OFF,OFF,OFF,OFF,OFF,OFF}"
Never,r2,6,0.7554,197.32,113.976,43.604,0.0,"{OFF,OFF,OFF,OFF,OFF,OFF}"
Never,r2,7,0.7691,202.45,132.658,45.402,0.0,"{OFF,OFF,OFF,OFF,OFF,OFF}"
Never,r2,8,0.802,228.95,146.35399999999998,48.394000000000005,0.0,"{OFF,OFF,OFF,OFF,OFF,OFF}"
Never,r2,9,0.7785,242.14,156.898,49.132,0.0,"{OFF,OFF,OFF,OFF,OFF,OFF}"
Never,r2,10,0.773,271.51,161.894,50.536,0.0,"{OFF,OFF,OFF,OFF,OFF,OFF}"
Never,r3,1,0.6513,113.62,31.796000000000003,36.61200000000001,0.0,"{OFF,OFF,OFF,OFF,OFF,OFF}"
Never,r3,2,0.6921,120.37,44.738,28.310000000000002,0.0,"{OFF,OFF,OFF,OFF,OFF,OFF}"
Never,r3,3,0.7373,127.27,54.422000000000004,22.369999999999997,0.0,"{OFF,OFF,OFF,OFF,OFF,OFF}"
Never,r3,4,0.7333,168.95,83.582,41.498000000000005,0.0,"{OFF,OFF,OFF,OFF,OFF,OFF}"
Never,r3,5,0.7204,170.22,98.998,31.315999999999995,0.0,"{OFF,OFF,OFF,OFF,OFF,OFF}"
Never,r3,6,0.7469,178.56,111.85800000000002,39.742000000000004,0.0,"{OFF,OFF,OFF,OFF,OFF,OFF}"
Never,r3,7,0.7237,196.19,127.23800000000001,35.992000000000004,0.0,"{OFF,OFF,OFF,OFF,OFF,OFF}"
Never,r3,8,0.7653,184.8,130.126,33.672000000000004,0.0,"{OFF,OFF,OFF,OFF,OFF,OFF}"
Never,r3,9,0.8026,222.8,132.88000000000002,42.914,0.0,"{OFF,OFF,OFF,OFF,OFF,OFF}"
Never,r3,10,0.7907,197.55,138.652,37.336,0.0,"{OFF,OFF,OFF,OFF,OFF,OFF}"
Never,r4,1,0.6285,88.72,26.556,23.75,0.0,"{OFF,OFF,OFF,OFF,OFF,OFF}"
Never,r4,2,0.6779,100.36,39.384,27.272000000000002,0.0,"{OFF,OFF,OFF,OFF,OFF,OFF}"
Never,r4,3,0.7212,127.74,61.767999999999994,39.040000000000006,0.0,"{OFF,OFF,OFF,OFF,OFF,OFF}"
Never,r4,4,0.7279,136.07,74.376,31.412,0.0,"{OFF,OFF,OFF,OFF,OFF,OFF}"
Never,r4,5,0.7431,150.87,86.092,34.73,0.0,"{OFF,OFF,OFF,OFF,OFF,OFF}"
Never,r4,6,0.7664,152.74,91.46200000000002,29.496000000000002,0.0,"{OFF,OFF,OFF,OFF,OFF,OFF}"
Never,r4,7,0.758,161.06,115.674,25.300000000000004,0.0,"{OFF,OFF,OFF,OFF,OFF,OFF}"
Never,r4,8,0.7913,193.97,124.596,37.006,0.0,"{OFF,OFF,OFF,OFF,OFF,OFF}"
Never,r4,9,0.7604,207.7,134.172,40.048,0.0,"{OFF,OFF,OFF,OFF,OFF,OFF}"
Never,r4,10,0.7815,203.78,142.75600000000003,31.0,0.0,"{OFF,OFF,OFF,OFF,OFF,OFF}"
Never,r5,1,0.652,89.96,25.22,26.595999999999997,0.0,"{OFF,OFF,OFF,OFF,OFF,OFF}"
Never,r5,2,0.677,100.35,37.296,26.772,0.0,"{OFF,OFF,OFF,OFF,OFF,OFF}"
Never,r5,3,0.7429,116.79,53.727999999999994,32.854,0.0,"{OFF,OFF,OFF,OFF,OFF,OFF}"
Never,r5,4,0.7361,134.12,68.388,34.556,0.0,"{OFF,OFF,OFF,OFF,OFF,OFF}"
Never,r5,5,0.7575,141.7,85.122,24.764,0.0,"{OFF,OFF,OFF,OFF,OFF,OFF}"
Never,r5,6,0.7893,144.85,90.818,29.176,0.0,"{OFF,OFF,OFF,OFF,OFF,OFF}"
Never,r5,7,0.7692,176.24,112.792,35.504,0.0,"{OFF,OFF,OFF,OFF,OFF,OFF}"
Never,r5,8,0.7824,193.28,122.41,38.25,0.0,"{OFF,OFF,OFF,OFF,OFF,OFF}"
Never,r5,9,0.7709,205.53,130.94400000000002,37.331999999999994,0.0,"{OFF,OFF,OFF,OFF,OFF,OFF}"
Never,r5,10,0.7796,290.73,187.286,53.346000000000004,0.0,"{OFF,OFF,OFF,OFF,OFF,OFF}"
Never,r6,1,0.5718,86.37,25.609999999999996,20.01,0.0,"{OFF,OFF,OFF,OFF,OFF,OFF}"
Never,r6,2,0.7107,101.67,40.438,28.040000000000003,0.0,"{OFF,OFF,OFF,OFF,OFF,OFF}"
Never,r6,3,0.7411,109.67,48.846,27.224,0.0,"{OFF,OFF,OFF,OFF,OFF,OFF}"
Never,r6,4,0.7478,135.65,70.334,29.360000000000003,0.0,"{OFF,OFF,OFF,OFF,OFF,OFF}"
Never,r6,5,0.7484,187.78,87.81,46.464,0.0,"{OFF,OFF,OFF,OFF,OFF,OFF}"
Never,r6,6,0.7514,200.23,121.046,38.176,0.0,"{OFF,OFF,OFF,OFF,OFF,OFF}"
Never,r6,7,0.7577,211.09,129.32999999999998,58.306000000000004,0.0,"{OFF,OFF,OFF,OFF,OFF,OFF}"
Never,r6,8,0.7606,236.36,152.768,53.592000000000006,0.0,"{OFF,OFF,OFF,OFF,OFF,OFF}"
Never,r6,9,0.7772,258.12,174.538,56.136,0.0,"{OFF,OFF,OFF,OFF,OFF,OFF}"
Never,r6,10,0.7792,277.78,171.12800000000001,58.324,0.0,"{OFF,OFF,OFF,OFF,OFF,OFF}"
Never,r7,1,0.6094,98.73,30.983999999999998,31.0,0.0,"{OFF,OFF,OFF,OFF,OFF,OFF}"
Never,r7,2,0.7024,100.65,42.55,28.842000000000002,0.0,"{OFF,OFF,OFF,OFF,OFF,OFF}"
Never,r7,3,0.7,116.35,56.946000000000005,23.844,0.0,"{OFF,OFF,OFF,OFF,OFF,OFF}"
Never,r7,4,0.7631,134.49,71.148,26.286,0.0,"{OFF,OFF,OFF,OFF,OFF,OFF}"
Never,r7,5,0.7448,157.46,88.334,42.802,0.0,"{OFF,OFF,OFF,OFF,OFF,OFF}"
Never,r7,6,0.7739,157.57,95.25399999999999,29.706,0.0,"{OFF,OFF,OFF,OFF,OFF,OFF}"
Never,r7,7,0.7734,172.31,107.078,34.154,0.0,"{OFF,OFF,OFF,OFF,OFF,OFF}"
Never,r7,8,0.7753,194.29,118.98000000000002,45.418,0.0,"{OFF,OFF,OFF,OFF,OFF,OFF}"
Never,r7,9,0.7908,206.58,136.73200000000003,38.016,0.0,"{OFF,OFF,OFF,OFF,OFF,OFF}"
Never,r7,10,0.7913,232.49,145.63400000000001,42.961999999999996,0.0,"{OFF,OFF,OFF,OFF,OFF,OFF}"
Never,r8,1,0.6425,108.45,31.662,27.926,0.0,"{OFF,OFF,OFF,OFF,OFF,OFF}"
Never,r8,2,0.6875,105.96,42.54,24.586000000000002,0.0,"{OFF,OFF,OFF,OFF,OFF,OFF}"
Never,r8,3,0.6939,131.46,57.992000000000004,21.264,0.0,"{OFF,OFF,OFF,OFF,OFF,OFF}"
Never,r8,4,0.7417,139.77,73.97,31.266000000000002,0.0,"{OFF,OFF,OFF,OFF,OFF,OFF}"
Never,r8,5,0.7387,168.66,100.602,37.815999999999995,0.0,"{OFF,OFF,OFF,OFF,OFF,OFF}"
Never,r8,6,0.7501,198.14,120.84400000000001,47.66,0.0,"{OFF,OFF,OFF,OFF,OFF,OFF}"
Never,r8,7,0.7942,209.37,123.86599999999999,34.882000000000005,0.0,"{OFF,OFF,OFF,OFF,OFF,OFF}"
Never,r8,8,0.7594,185.84,124.49000000000001,39.148,0.0,"{OFF,OFF,OFF,OFF,OFF,OFF}"
Never,r8,9,0.7796,207.4,134.958,41.668,0.0,"{OFF,OFF,OFF,OFF,OFF,OFF}"
Never,r8,10,0.7902,239.1,146.7,46.67,0.0,"{OFF,OFF,OFF,OFF,OFF,OFF}"
Never,r9,1,0.6271,92.22,27.451999999999998,25.904000000000003,0.0,"{OFF,OFF,OFF,OFF,OFF,OFF}"
Never,r9,2,0.6729,112.97,45.266000000000005,27.692,0.0,"{OFF,OFF,OFF,OFF,OFF,OFF}"
Never,r9,3,0.7094,120.26,57.688,23.198,0.0,"{OFF,OFF,OFF,OFF,OFF,OFF}"
Never,r9,4,0.7472,190.46,78.09400000000001,48.482,0.0,"{OFF,OFF,OFF,OFF,OFF,OFF}"
Never,r9,5,0.7632,185.44,104.61599999999999,40.78,0.0,"{OFF,OFF,OFF,OFF,OFF,OFF}"
Never,r9,6,0.7655,172.66,112.60799999999999,33.028,0.0,"{OFF,OFF,OFF,OFF,OFF,OFF}"
Never,r9,7,0.7632,165.16,112.57400000000003,35.506,0.0,"{OFF,OFF,OFF,OFF,OFF,OFF}"
Never,r9,8,0.7545,197.48,123.696,40.483999999999995,0.0,"{OFF,OFF,OFF,OFF,OFF,OFF}"
Never,r9,9,0.7726,197.59,126.76200000000001,43.168,0.0,"{OFF,OFF,OFF,OFF,OFF,OFF}"
Never,r9,10,0.7928,190.35,141.686,30.266000000000002,0.0,"{OFF,OFF,OFF,OFF,OFF,OFF}"
Random,r1,1,0.6588,113.04,35.644,33.61,0.0,"{OFF,OFF,OFF,OFF,OFF,OFF}"
Random,r1,2,0.6883,136.54,57.646,36.096000000000004,0.0,"{OFF,OFF,OFF,OFF,OFF,OFF}"
Random,r1,3,0.7101,487.9,94.612,30.791999999999994,0.0,"{OFF,OFF,ON,OFF,OFF,ON}"
Random,r1,4,0.7506,181.3,100.64200000000001,45.995999999999995,0.0,"{OFF,OFF,OFF,OFF,OFF,OFF}"
Random,r1,5,0.7448,680.76,132.79000000000002,33.948,0.0,"{ON,OFF,ON,OFF,OFF,ON}"
Random,r1,6,0.7418,632.64,139.14600000000002,36.547999999999995,0.0,"{OFF,OFF,OFF,OFF,OFF,ON}"
Random,r1,7,0.7404,850.41,137.238,37.078,0.0,"{OFF,OFF,OFF,OFF,OFF,ON}"
Random,r1,8,0.7866,737.16,172.342,43.38000000000001,0.0,"{OFF,OFF,OFF,OFF,OFF,ON}"
Random,r1,9,0.7526,1204.85,194.096,43.358000000000004,0.0,"{OFF,OFF,ON,OFF,OFF,ON}"
Random,r1,10,0.7656,997.13,249.82600000000002,53.724000000000004,0.0,"{OFF,OFF,OFF,OFF,OFF,ON}"
Random,r10,1,0.6532,105.27,33.882000000000005,35.096000000000004,0.0,"{OFF,OFF,OFF,OFF,OFF,OFF}"
Random,r10,2,0.7395,443.4,43.746,21.336,0.0,"{OFF,OFF,ON,OFF,OFF,ON}"
Random,r10,3,0.7107,145.18,72.29400000000001,26.644,0.0,"{ON,OFF,OFF,OFF,OFF,OFF}"
Random,r10,4,0.7317,158.97,90.772,38.18,0.0,"{ON,OFF,OFF,OFF,OFF,OFF}"
Random,r10,5,0.7349,563.64,110.29,28.203999999999997,0.0,"{ON,OFF,OFF,OFF,OFF,ON}"
Random,r10,6,0.7714,216.93,141.632,40.29,0.0,"{ON,OFF,ON,OFF,OFF,OFF}"
Random,r10,7,0.7835,237.37,153.048,45.564,0.0,"{OFF,OFF,OFF,OFF,OFF,OFF}"
Random,r10,8,0.7931,836.24,126.662,37.476,0.0,"{ON,OFF,OFF,OFF,OFF,ON}"
Random,r10,9,0.7777,266.37,182.95,51.072,0.0,"{ON,OFF,ON,OFF,OFF,OFF}"
Random,r10,10,0.7884,290.52,192.384,55.552,0.0,"{ON,OFF,OFF,OFF,OFF,OFF}"
Random,r2,1,0.6448,212.61,120.348,25.722,0.0,"{OFF,OFF,OFF,OFF,OFF,OFF}"
Random,r2,2,0.7001,767.22,37.864000000000004,20.824,0.0,"{ON,OFF,OFF,OFF,OFF,ON}"
Random,r2,3,0.7426,141.42,70.954,38.394,0.0,"{ON,OFF,ON,OFF,OFF,OFF}"
Random,r2,4,0.7565,161.54,92.74199999999999,43.758,0.0,"{ON,OFF,ON,OFF,OFF,OFF}"
Random,r2,5,0.7332,604.61,150.534,44.43,0.0,"{OFF,OFF,ON,OFF,OFF,ON}"
Random,r2,6,0.7716,195.08,128.7,37.089999999999996,0.0,"{OFF,OFF,OFF,OFF,OFF,OFF}"
Random,r2,7,0.7535,856.63,229.46599999999998,51.736000000000004,0.0,"{ON,OFF,OFF,OFF,OFF,ON}"
Random,r2,8,0.7579,255.64,161.41799999999998,48.260000000000005,0.0,"{OFF,OFF,OFF,OFF,OFF,OFF}"
Random,r2,9,0.7486,739.95,169.65,33.342,0.0,"{OFF,OFF,ON,OFF,OFF,ON}"
Random,r2,10,0.775,296.33,195.728,57.215999999999994,0.0,"{ON,OFF,OFF,OFF,OFF,OFF}"
Random,r3,1,0.6393,100.8,32.025999999999996,23.624000000000002,0.0,"{OFF,OFF,OFF,OFF,OFF,OFF}"
Random,r3,2,0.7095,123.66,51.918000000000006,22.240000000000002,0.0,"{ON,OFF,ON,OFF,OFF,OFF}"
Random,r3,3,0.7394,322.02,105.10800000000002,29.886000000000003,0.0,"{ON,OFF,ON,OFF,OFF,ON}"
Random,r3,4,0.7537,168.56,92.914,35.93599999999999,0.0,"{OFF,OFF,ON,OFF,OFF,OFF}"
Random,r3,5,0.7617,540.43,121.396,31.703999999999997,0.0,"{OFF,OFF,ON,OFF,OFF,ON}"
Random,r3,6,0.7535,212.77,138.042,46.062,0.0,"{OFF,OFF,OFF,OFF,OFF,OFF}"
Random,r3,7,0.7579,791.68,166.972,35.99400000000001,0.0,"{ON,OFF,OFF,OFF,OFF,ON}"
Random,r3,8,0.7512,692.24,241.3,45.056000000000004,0.0,"{OFF,OFF,OFF,OFF,OFF,ON}"
Random,r3,9,0.7662,264.46,177.024,51.13799999999999,0.0,"{ON,OFF,OFF,OFF,OFF,OFF}"
Random,r3,10,0.7675,1019.23,171.706,42.512,0.0,"{ON,OFF,OFF,OFF,OFF,ON}"
Random,r4,1,0.6578,102.9,38.583999999999996,20.344,0.0,"{OFF,OFF,OFF,OFF,OFF,OFF}"
Random,r4,2,0.7236,349.84,44.327999999999996,32.972,0.0,"{ON,OFF,ON,OFF,OFF,ON}"
Random,r4,3,0.7033,408.02,52.048,26.476,0.0,"{ON,OFF,ON,OFF,OFF,ON}"
Random,r4,4,0.7158,163.01,92.55,38.85,0.0,"{OFF,OFF,OFF,OFF,OFF,OFF}"
Random,r4,5,0.7411,483.42,93.51599999999999,25.724,0.0,"{ON,OFF,OFF,OFF,OFF,ON}"
Random,r4,6,0.7682,200.61,134.342,41.448,0.0,"{OFF,OFF,ON,OFF,OFF,OFF}"
Random,r4,7,0.788,1058.98,148.592,36.647999999999996,0.0,"{ON,OFF,OFF,OFF,OFF,ON}"
Random,r4,8,0.7812,231.09,164.66199999999998,47.876,0.0,"{ON,OFF,OFF,OFF,OFF,OFF}"
Random,r4,9,0.7719,239.48,179.762,45.1,0.0,"{OFF,OFF,ON,OFF,OFF,OFF}"
Random,r4,10,0.802,281.46,196.416,51.122,0.0,"{ON,OFF,ON,OFF,OFF,OFF}"
Random,r5,1,0.6742,101.19,33.495999999999995,31.552000000000003,0.0,"{OFF,OFF,OFF,OFF,OFF,OFF}"
Random,r5,2,0.7191,311.33,49.826,32.254000000000005,0.0,"{OFF,OFF,OFF,OFF,OFF,ON}"
Random,r5,3,0.7311,143.76,72.078,40.286,0.0,"{OFF,OFF,OFF,OFF,OFF,OFF}"
Random,r5,4,0.7604,607.22,108.7,23.041999999999998,0.0,"{ON,OFF,OFF,OFF,OFF,ON}"
Random,r5,5,0.77,190.9,112.418,44.122,0.0,"{ON,OFF,OFF,OFF,OFF,OFF}"
Random,r5,6,0.7626,197.74,132.592,39.934,0.0,"{ON,OFF,OFF,OFF,OFF,OFF}"
Random,r5,7,0.752,219.55,154.94400000000002,41.95400000000001,0.0,"{ON,OFF,ON,OFF,OFF,OFF}"
Random,r5,8,0.7785,1027.6,209.81599999999997,64.30999999999999,0.0,"{OFF,OFF,ON,OFF,OFF,ON}"
Random,r5,9,0.8091,1403.62,168.292,39.592,0.0,"{OFF,OFF,OFF,OFF,OFF,ON}"
Random,r5,10,0.7765,297.99,190.046,55.34400000000001,0.0,"{OFF,OFF,OFF,OFF,OFF,OFF}"
Random,r6,1,0.6558,98.79,32.298,31.982,0.0,"{OFF,OFF,OFF,OFF,OFF,OFF}"
Random,r6,2,0.6034,121.25,55.419999999999995,28.01,0.0,"{ON,OFF,OFF,OFF,OFF,OFF}"
Random,r6,3,0.6979,137.96,72.208,34.864000000000004,0.0,"{OFF,OFF,OFF,OFF,OFF,OFF}"
Random,r6,4,0.7691,158.36,92.04400000000001,36.346000000000004,0.0,"{OFF,OFF,OFF,OFF,OFF,OFF}"
Random,r6,5,0.7374,541.04,101.082,26.881999999999994,0.0,"{OFF,OFF,OFF,OFF,OFF,ON}"
Random,r6,6,0.7602,208.54,137.808,47.678000000000004,0.0,"{OFF,OFF,ON,OFF,OFF,OFF}"
Random,r6,7,0.8292,218.05,150.5,37.230000000000004,0.0,"{OFF,OFF,OFF,OFF,OFF,OFF}"
Random,r6,8,0.7633,232.62,165.758,43.172000000000004,0.0,"{ON,OFF,OFF,OFF,OFF,OFF}"
Random,r6,9,0.7635,292.85,194.37,61.82199999999999,0.0,"{ON,OFF,ON,OFF,OFF,OFF}"
Random,r6,10,0.7968,871.02,269.98199999999997,59.693999999999996,0.0,"{ON,OFF,OFF,OFF,OFF,ON}"
Random,r7,1,0.6244,135.23,37.172000000000004,29.865999999999996,0.0,"{OFF,OFF,OFF,OFF,OFF,OFF}"
Random,r7,2,0.7036,116.44,53.452,32.166,0.0,"{ON,OFF,OFF,OFF,OFF,OFF}"
Random,r7,3,0.7074,526.82,40.588,27.162,0.0,"{OFF,OFF,ON,OFF,OFF,ON}"
Random,r7,4,0.7103,158.28,90.64599999999999,31.898000000000003,0.0,"{ON,OFF,ON,OFF,OFF,OFF}"
Random,r7,5,0.755,176.37,111.196,38.594,0.0,"{OFF,OFF,OFF,OFF,OFF,OFF}"
Random,r7,6,0.7389,205.75,130.60399999999998,42.57,0.0,"{OFF,OFF,OFF,OFF,OFF,OFF}"
Random,r7,7,0.778,216.99,145.23,42.288,0.0,"{ON,OFF,ON,OFF,OFF,OFF}"
Random,r7,8,0.755,886.85,160.17600000000002,48.73800000000001,0.0,"{OFF,OFF,ON,OFF,OFF,ON}"
Random,r7,9,0.7617,281.99,199.058,51.44199999999999,0.0,"{OFF,OFF,ON,OFF,OFF,OFF}"
Random,r7,10,0.7799,295.79,193.91199999999998,64.07000000000001,0.0,"{ON,OFF,ON,OFF,OFF,OFF}"
Random,r8,1,0.6102,94.52,32.072,24.752000000000002,0.0,"{OFF,OFF,OFF,OFF,OFF,OFF}"
Random,r8,2,0.7342,111.85,47.836000000000006,19.716,0.0,"{OFF,OFF,OFF,OFF,OFF,OFF}"
Random,r8,3,0.6425,136.79,71.342,28.99,0.0,"{OFF,OFF,ON,OFF,OFF,OFF}"
Random,r8,4,0.7387,649.14,75.592,32.602,0.0,"{OFF,OFF,OFF,OFF,OFF,ON}"
Random,r8,5,0.7403,189.55,119.73400000000001,39.788,0.0,"{ON,OFF,OFF,OFF,OFF,OFF}"
Random,r8,6,0.7636,211.06,129.566,49.007999999999996,0.0,"{OFF,OFF,OFF,OFF,OFF,OFF}"
Random,r8,7,0.7407,753.23,186.932,36.982,0.0,"{OFF,OFF,OFF,OFF,OFF,ON}"
Random,r8,8,0.805,235.32,164.578,48.720000000000006,0.0,"{OFF,OFF,OFF,OFF,OFF,OFF}"
Random,r8,9,0.8095,268.82,177.96999999999997,57.326,0.0,"{OFF,OFF,OFF,OFF,OFF,OFF}"
Random,r8,10,0.7997,279.76,189.25799999999998,49.251999999999995,0.0,"{OFF,OFF,ON,OFF,OFF,OFF}"
Random,r9,1,0.6651,97.0,31.544,19.508,0.0,"{OFF,OFF,OFF,OFF,OFF,OFF}"
Random,r9,2,0.7019,117.13,52.1,36.878,0.0,"{ON,OFF,OFF,OFF,OFF,OFF}"
Random,r9,3,0.7259,139.55,73.214,29.85,0.0,"{OFF,OFF,OFF,OFF,OFF,OFF}"
Random,r9,4,0.7487,638.2,77.034,25.965999999999998,0.0,"{ON,OFF,ON,OFF,OFF,ON}"
Random,r9,5,0.7563,593.05,106.52000000000001,33.040000000000006,0.0,"{OFF,OFF,OFF,OFF,OFF,ON}"
Random,r9,6,0.7496,201.7,131.276,40.554,0.0,"{OFF,OFF,OFF,OFF,OFF,OFF}"
Random,r9,7,0.7702,229.67,167.552,35.318,0.0,"{OFF,OFF,ON,OFF,OFF,OFF}"
Random,r9,8,0.7743,801.6,237.02399999999997,47.983999999999995,0.0,"{ON,OFF,OFF,OFF,OFF,ON}"
Random,r9,9,0.7835,265.2,185.934,46.19200000000001,0.0,"{ON,OFF,ON,OFF,OFF,OFF}"
Random,r9,10,0.7841,294.44,190.876,59.866,0.0,"{OFF,OFF,ON,OFF,OFF,OFF}"
Role-based,r1,1,0.7082,94.78,32.756,29.238,35.07,"{OFF,OFF,OFF,OFF,OFF,OFF}"
Role-based,r1,2,0.7806,270.8,49.056,33.263999999999996,26.95,"{OFF,OFF,ON,OFF,OFF,ON}"
Role-based,r1,3,0.8079,245.49,54.75599999999999,26.336000000000002,29.43,"{OFF,OFF,ON,OFF,OFF,ON}"
Role-based,r1,4,0.7592,136.21,18.91,12.38,24.0,"{ON,OFF,OFF,OFF,OFF,ON}"
Role-based,r1,5,0.7859,378.16,75.09,27.996,34.49,"{OFF,OFF,OFF,OFF,OFF,ON}"
Role-based,r1,6,0.7931,234.35,31.99666666666667,22.486666666666665,28.92,"{ON,OFF,ON,OFF,OFF,ON}"
Role-based,r1,7,0.8173,518.77,107.38400000000001,30.936,33.85,"{OFF,OFF,ON,OFF,OFF,ON}"
Role-based,r1,8,0.7965,440.71,31.80333333333333,11.843333333333334,33.88,"{ON,OFF,ON,OFF,OFF,ON}"
Role-based,r1,9,0.8229,221.03,47.03333333333334,24.44333333333333,34.66,"{ON,OFF,ON,OFF,OFF,ON}"
Role-based,r1,10,0.7836,248.22,44.21,17.893333333333334,0.0,"{ON,OFF,ON,OFF,OFF,ON}"
Role-based,r10,1,0.7356,97.0,32.221999999999994,23.752000000000002,38.42,"{OFF,OFF,OFF,OFF,OFF,OFF}"
Role-based,r10,2,0.7138,217.77,18.0,13.11,43.58,"{ON,OFF,OFF,OFF,OFF,ON}"
Role-based,r10,3,0.746,266.96,69.24000000000001,33.727999999999994,25.61,"{OFF,OFF,OFF,OFF,OFF,ON}"
Role-based,r10,4,0.7956,155.69,87.466,34.348,23.7,"{OFF,OFF,ON,OFF,OFF,OFF}"
Role-based,r10,5,0.818,185.02,106.94200000000001,37.584,29.44,"{OFF,OFF,ON,OFF,OFF,OFF}"
Role-based,r10,6,0.8113,388.19,72.982,23.238,32.55,"{OFF,OFF,ON,OFF,OFF,ON}"
Role-based,r10,7,0.8315,389.27,80.008,31.272000000000002,37.49,"{OFF,OFF,ON,OFF,OFF,ON}"
Role-based,r10,8,0.8131,554.23,120.048,39.706,70.6,"{OFF,OFF,ON,OFF,OFF,ON}"
Role-based,r10,9,0.8252,595.35,102.292,36.898,36.2,"{OFF,OFF,ON,OFF,OFF,ON}"
Role-based,r10,10,0.8101,715.29,163.664,43.632000000000005,0.0,"{OFF,OFF,OFF,OFF,OFF,ON}"
Role-based,r2,1,0.713,97.86,34.114,34.378,36.54,"{OFF,OFF,OFF,OFF,OFF,OFF}"
Role-based,r2,2,0.6443,61.64,27.900000000000002,16.91333333333333,22.26,"{ON,OFF,OFF,OFF,OFF,OFF}"
Role-based,r2,3,0.7594,196.51,16.63,19.85333333333333,30.27,"{ON,OFF,ON,OFF,OFF,ON}"
Role-based,r2,4,0.7911,389.35,75.848,32.364,40.24,"{OFF,OFF,ON,OFF,OFF,ON}"
Role-based,r2,5,0.799,372.65,68.96000000000001,27.362000000000002,36.9,"{OFF,OFF,ON,OFF,OFF,ON}"
Role-based,r2,6,0.8196,185.03,118.41,39.838,24.82,"{OFF,OFF,ON,OFF,OFF,OFF}"
Role-based,r2,7,0.7974,209.61,41.87,26.376666666666665,26.44,"{ON,OFF,OFF,OFF,OFF,ON}"
Role-based,r2,8,0.8312,568.87,88.09,38.5,44.51,"{OFF,OFF,OFF,OFF,OFF,ON}"
Role-based,r2,9,0.8049,343.62,65.40333333333334,30.643333333333334,37.59,"{ON,OFF,OFF,OFF,OFF,ON}"
Role-based,r2,10,0.8138,209.93,52.836666666666666,33.18333333333334,0.0,"{ON,OFF,OFF,OFF,OFF,ON}"
Role-based,r3,1,0.7392,97.42,30.486,24.058,39.5,"{OFF,OFF,OFF,OFF,OFF,OFF}"
Role-based,r3,2,0.6848,93.29,13.823333333333332,12.513333333333334,28.78,"{ON,OFF,OFF,OFF,OFF,ON}"
Role-based,r3,3,0.7871,207.34,14.226666666666668,19.37666666666667,40.64,"{ON,OFF,OFF,OFF,OFF,ON}"
Role-based,r3,4,0.7798,210.01,20.073333333333334,24.81,24.33,"{ON,OFF,ON,OFF,OFF,ON}"
Role-based,r3,5,0.7762,134.42,22.96666666666667,12.983333333333334,35.53,"{ON,OFF,ON,OFF,OFF,ON}"
Role-based,r3,6,0.8154,425.97,68.002,32.464,34.4,"{OFF,OFF,ON,OFF,OFF,ON}"
Role-based,r3,7,0.8285,375.02,71.04400000000001,43.3,35.11,"{OFF,OFF,OFF,OFF,OFF,ON}"
Role-based,r3,8,0.8147,372.46,93.16999999999999,35.898,36.16,"{OFF,OFF,ON,OFF,OFF,ON}"
Role-based,r3,9,0.8309,567.74,100.034,34.638,38.18,"{OFF,OFF,OFF,OFF,OFF,ON}"
Role-based,r3,10,0.8201,560.77,113.86800000000001,43.098,0.0,"{OFF,OFF,ON,OFF,OFF,ON}"
Role-based,r4,1,0.7057,96.26,31.910000000000004,23.964000000000002,38.54,"{OFF,OFF,OFF,OFF,OFF,OFF}"
Role-based,r4,2,0.7431,358.87,12.806666666666667,16.77,37.15,"{ON,OFF,ON,OFF,OFF,ON}"
Role-based,r4,3,0.7577,245.53,73.702,27.201999999999998,24.51,"{OFF,OFF,ON,OFF,OFF,ON}"
Role-based,r4,4,0.7977,362.1,70.946,25.7,35.03,"{OFF,OFF,OFF,OFF,OFF,ON}"
Role-based,r4,5,0.7929,184.49,111.83599999999998,36.544,26.24,"{OFF,OFF,ON,OFF,OFF,OFF}"
Role-based,r4,6,0.8241,220.06,152.61599999999999,46.712,191.01,"{OFF,OFF,ON,OFF,OFF,OFF}"
Role-based,r4,7,0.7995,200.5,40.8,21.953333333333333,24.38,"{ON,OFF,OFF,OFF,OFF,ON}"
Role-based,r4,8,0.8184,450.67,131.674,48.602,35.34,"{OFF,OFF,ON,OFF,OFF,ON}"
Role-based,r4,9,0.8222,548.33,93.244,35.862,41.65,"{OFF,OFF,ON,OFF,OFF,ON}"
Role-based,r4,10,0.8293,461.35,105.72999999999999,40.794,0.0,"{OFF,OFF,OFF,OFF,OFF,ON}"
Role-based,r5,1,0.7224,99.31,33.372,22.372000000000003,78.01,"{OFF,OFF,OFF,OFF,OFF,OFF}"
Role-based,r5,2,0.781,137.83,60.798,29.053999999999995,22.98,"{OFF,OFF,OFF,OFF,OFF,OFF}"
Role-based,r5,3,0.7793,315.42,16.746666666666666,9.63,39.4,"{ON,OFF,OFF,OFF,OFF,ON}"
Role-based,r5,4,0.7947,334.77,67.06800000000001,28.954,45.43,"{OFF,OFF,OFF,OFF,OFF,ON}"
Role-based,r5,5,0.7689,120.63,80.95,19.89,197.99,"{ON,OFF,ON,OFF,OFF,OFF}"
Role-based,r5,6,0.7201,115.57,78.09666666666666,22.45,161.97,"{ON,OFF,OFF,OFF,OFF,OFF}"
Role-based,r5,7,0.8263,380.16,79.282,31.232,34.37,"{OFF,OFF,OFF,OFF,OFF,ON}"
Role-based,r5,8,0.8047,308.87,35.81666666666667,20.12666666666667,34.28,"{ON,OFF,OFF,OFF,OFF,ON}"
Role-based,r5,9,0.8551,239.43,149.31599999999997,42.88,24.04,"{OFF,OFF,ON,OFF,OFF,OFF}"
Role-based,r5,10,0.813,362.91,53.00333333333333,27.17,0.0,"{ON,OFF,OFF,OFF,OFF,ON}"
Role-based,r6,1,0.7356,102.58,33.086,28.371999999999996,37.74,"{OFF,OFF,OFF,OFF,OFF,OFF}"
Role-based,r6,2,0.7842,230.98,61.532,29.595999999999997,29.35,"{OFF,OFF,OFF,OFF,OFF,ON}"
Role-based,r6,3,0.8055,384.99,73.87,25.794,37.38,"{OFF,OFF,OFF,OFF,OFF,ON}"
Role-based,r6,4,0.8044,167.29,97.50999999999999,36.652,28.11,"{OFF,OFF,ON,OFF,OFF,OFF}"
Role-based,r6,5,0.8114,393.87,88.02000000000001,32.632,40.58,"{OFF,OFF,ON,OFF,OFF,ON}"
Role-based,r6,6,0.8215,465.21,94.774,32.082,63.19,"{OFF,OFF,OFF,OFF,OFF,ON}"
Role-based,r6,7,0.8206,185.91,40.78666666666667,20.856666666666666,22.6,"{ON,OFF,OFF,OFF,OFF,ON}"
Role-based,r6,8,0.8264,454.87,106.524,32.628,34.03,"{OFF,OFF,OFF,OFF,OFF,ON}"
Role-based,r6,9,0.8106,383.37,38.306666666666665,17.736666666666668,50.84,"{ON,OFF,OFF,OFF,OFF,ON}"
Role-based,r6,10,0.8456,462.07,89.798,44.92,0.0,"{OFF,OFF,OFF,OFF,OFF,ON}"
Role-based,r7,1,0.6774,96.99,31.356,27.454,37.81,"{OFF,OFF,OFF,OFF,OFF,OFF}"
Role-based,r7,2,0.7149,189.03,13.693333333333333,13.616666666666667,36.17,"{ON,OFF,ON,OFF,OFF,ON}"
Role-based,r7,3,0.7807,139.39,67.892,25.046000000000003,155.16,"{OFF,OFF,OFF,OFF,OFF,OFF}"
Role-based,r7,4,0.8199,297.14,57.8,36.966,29.51,"{OFF,OFF,OFF,OFF,OFF,ON}"
Role-based,r7,5,0.8032,471.63,99.228,35.794,36.08,"{OFF,OFF,ON,OFF,OFF,ON}"
Role-based,r7,6,0.8264,429.77,70.742,35.480000000000004,32.93,"{OFF,OFF,OFF,OFF,OFF,ON}"
Role-based,r7,7,0.8004,322.74,34.123333333333335,19.083333333333332,40.75,"{ON,OFF,OFF,OFF,OFF,ON}"
Role-based,r7,8,0.8603,227.04,156.584,50.624,108.79,"{OFF,OFF,OFF,OFF,OFF,OFF}"
Role-based,r7,9,0.8335,126.61,84.54,26.30666666666666,22.69,"{ON,OFF,OFF,OFF,OFF,OFF}"
Role-based,r7,10,0.8234,170.22,97.55666666666667,44.09666666666667,0.0,"{ON,OFF,ON,OFF,OFF,OFF}"
Role-based,r8,1,0.7316,92.11,30.645999999999997,25.378000000000004,36.64,"{OFF,OFF,OFF,OFF,OFF,OFF}"
Role-based,r8,2,0.7856,254.72,54.77,23.31,29.23,"{OFF,OFF,ON,OFF,OFF,ON}"
Role-based,r8,3,0.7386,213.97,15.37,19.95,147.07,"{ON,OFF,OFF,OFF,OFF,ON}"
Role-based,r8,4,0.7534,155.14,17.37666666666667,8.276666666666666,26.33,"{ON,OFF,OFF,OFF,OFF,ON}"
Role-based,r8,5,0.7991,102.83,48.173333333333325,26.286666666666665,32.8,"{ON,OFF,ON,OFF,OFF,OFF}"
Role-based,r8,6,0.8172,345.63,70.202,38.114,40.75,"{OFF,OFF,OFF,OFF,OFF,ON}"
Role-based,r8,7,0.8036,257.93,30.623333333333335,26.703333333333333,31.43,"{ON,OFF,OFF,OFF,OFF,ON}"
Role-based,r8,8,0.8341,444.98,98.20800000000001,38.11,32.56,"{OFF,OFF,OFF,OFF,OFF,ON}"
Role-based,r8,9,0.8329,678.07,111.21600000000001,34.1,34.96,"{OFF,OFF,ON,OFF,OFF,ON}"
Role-based,r8,10,0.8139,270.21,174.07999999999998,42.666000000000004,0.0,"{OFF,OFF,ON,OFF,OFF,OFF}"
Role-based,r9,1,0.7235,94.13,31.802,17.05,40.02,"{OFF,OFF,OFF,OFF,OFF,OFF}"
Role-based,r9,2,0.743,233.4,15.913333333333332,8.496666666666668,27.82,"{ON,OFF,ON,OFF,OFF,ON}"
Role-based,r9,3,0.7606,69.49,34.12,14.843333333333334,22.66,"{ON,OFF,OFF,OFF,OFF,OFF}"
Role-based,r9,4,0.8003,136.71,77.66600000000001,28.395999999999997,22.37,"{OFF,OFF,ON,OFF,OFF,OFF}"
Role-based,r9,5,0.8078,326.05,64.7,34.074,40.55,"{OFF,OFF,OFF,OFF,OFF,ON}"
Role-based,r9,6,0.803,412.82,66.454,31.395999999999997,38.06,"{OFF,OFF,OFF,OFF,OFF,ON}"
Role-based,r9,7,0.825,454.12,89.264,32.948,43.62,"{OFF,OFF,OFF,OFF,OFF,ON}"
Role-based,r9,8,0.8069,271.83,38.96666666666667,17.103333333333335,23.61,"{ON,OFF,ON,OFF,OFF,ON}"
Role-based,r9,9,0.8152,346.12,52.28666666666667,24.53333333333333,38.81,"{ON,OFF,OFF,OFF,OFF,ON}"
Role-based,r9,10,0.8243,449.61,103.83,45.790000000000006,0.0,"{OFF,OFF,ON,OFF,OFF,ON}"
Voting-based,r1,1,0.7468,100.04,35.001999999999995,23.334000000000003,28.67,"{OFF,OFF,OFF,OFF,OFF,OFF}"
Voting-based,r1,2,0.7752,120.07,52.3,36.391999999999996,35.1,"{OFF,OFF,OFF,OFF,OFF,OFF}"
Voting-based,r1,3,0.7854,139.72,67.178,39.644,31.17,"{OFF,OFF,OFF,OFF,OFF,OFF}"
Voting-based,r1,4,0.8096,370.69,70.47200000000001,29.736,46.27,"{OFF,OFF,OFF,OFF,OFF,ON}"
Voting-based,r1,5,0.8039,570.83,80.176,35.516000000000005,45.03,"{OFF,OFF,OFF,OFF,OFF,ON}"
Voting-based,r1,6,0.7837,127.63,64.82000000000001,31.566666666666663,41.21,"{ON,OFF,OFF,OFF,OFF,OFF}"
Voting-based,r1,7,0.8003,216.9,35.74333333333333,28.600000000000005,34.88,"{ON,OFF,OFF,OFF,OFF,ON}"
Voting-based,r1,8,0.8159,371.59,41.25666666666667,24.023333333333337,42.14,"{ON,OFF,OFF,OFF,OFF,ON}"
Voting-based,r1,9,0.8036,293.7,40.43333333333333,24.290000000000003,31.43,"{ON,OFF,ON,OFF,OFF,ON}"
Voting-based,r1,10,0.8361,247.73,160.382,48.158,0.0,"{OFF,OFF,OFF,OFF,OFF,OFF}"
Voting-based,r10,1,0.7286,96.47,32.6,23.974,43.78,"{OFF,OFF,OFF,OFF,OFF,OFF}"
Voting-based,r10,2,0.7314,58.79,24.39,12.910000000000002,202.15,"{ON,OFF,OFF,OFF,OFF,OFF}"
Voting-based,r10,3,0.7883,124.1,64.81,29.438000000000006,34.54,"{OFF,OFF,OFF,OFF,OFF,OFF}"
Voting-based,r10,4,0.815,87.17,43.79666666666666,22.69333333333334,41.24,"{ON,OFF,OFF,OFF,OFF,OFF}"
Voting-based,r10,5,0.7899,237.92,30.19333333333333,15.356666666666667,28.37,"{ON,OFF,OFF,OFF,OFF,ON}"
Voting-based,r10,6,0.8038,176.48,111.728,31.387999999999998,40.61,"{OFF,OFF,OFF,OFF,OFF,OFF}"
Voting-based,r10,7,0.8281,373.63,92.458,40.868,39.28,"{OFF,OFF,ON,OFF,OFF,ON}"
Voting-based,r10,8,0.835,209.29,144.08200000000002,44.754,30.94,"{OFF,OFF,ON,OFF,OFF,OFF}"
Voting-based,r10,9,0.8254,213.24,155.8,40.378,38.11,"{OFF,OFF,OFF,OFF,OFF,OFF}"
Voting-based,r10,10,0.8013,134.67,101.97666666666667,22.956666666666663,0.0,"{ON,OFF,OFF,OFF,OFF,OFF}"
Voting-based,r2,1,0.7242,106.15,36.7,31.247999999999998,102.22,"{OFF,OFF,OFF,OFF,OFF,OFF}"
Voting-based,r2,2,0.7186,146.89,15.276666666666666,12.576666666666668,33.99,"{ON,OFF,OFF,OFF,OFF,ON}"
Voting-based,r2,3,0.7163,71.5,35.74666666666667,19.71,43.98,"{ON,OFF,OFF,OFF,OFF,OFF}"
Voting-based,r2,4,0.7635,101.64,63.623333333333335,19.49,33.28,"{ON,OFF,OFF,OFF,OFF,OFF}"
Voting-based,r2,5,0.8057,172.52,101.09799999999998,29.448,40.59,"{OFF,OFF,OFF,OFF,OFF,OFF}"
Voting-based,r2,6,0.8132,334.52,91.91,36.378,52.04,"{OFF,OFF,OFF,OFF,OFF,ON}"
Voting-based,r2,7,0.8185,138.18,91.83666666666666,26.570000000000004,35.29,"{ON,OFF,OFF,OFF,OFF,OFF}"
Voting-based,r2,8,0.7721,275.2,38.32666666666667,23.036666666666665,149.88,"{ON,OFF,OFF,OFF,OFF,ON}"
Voting-based,r2,9,0.8455,227.2,146.334,40.586,29.16,"{OFF,OFF,OFF,OFF,OFF,OFF}"
Voting-based,r2,10,0.8414,240.06,155.888,43.096,0.0,"{OFF,OFF,OFF,OFF,OFF,OFF}"
Voting-based,r3,1,0.7326,100.89,33.656,31.948,162.55,"{OFF,OFF,OFF,OFF,OFF,OFF}"
Voting-based,r3,2,0.7022,66.98,31.206666666666667,17.95,29.22,"{ON,OFF,ON,OFF,OFF,OFF}"
Voting-based,r3,3,0.77,143.13,71.196,33.977999999999994,32.95,"{OFF,OFF,OFF,OFF,OFF,OFF}"
Voting-based,r3,4,0.7622,79.3,43.00666666666667,15.783333333333333,33.19,"{ON,OFF,OFF,OFF,OFF,OFF}"
Voting-based,r3,5,0.7807,93.96,61.22,19.036666666666665,30.53,"{ON,OFF,OFF,OFF,OFF,OFF}"
Voting-based,r3,6,0.7897,112.77,81.17,17.066666666666666,33.52,"{ON,OFF,OFF,OFF,OFF,OFF}"
Voting-based,r3,7,0.8297,348.37,68.45599999999999,34.29,165.38,"{OFF,OFF,OFF,OFF,OFF,ON}"
Voting-based,r3,8,0.8201,152.91,97.97666666666667,31.373333333333335,37.86,"{ON,OFF,OFF,OFF,OFF,OFF}"
Voting-based,r3,9,0.8209,242.17,144.426,46.11599999999999,34.67,"{OFF,OFF,OFF,OFF,OFF,OFF}"
Voting-based,r3,10,0.8136,291.45,40.24333333333333,16.16333333333333,0.0,"{ON,OFF,OFF,OFF,OFF,ON}"
Voting-based,r4,1,0.6924,96.74,32.013999999999996,23.998,41.09,"{OFF,OFF,OFF,OFF,OFF,OFF}"
Voting-based,r4,2,0.7694,112.45,50.282000000000004,26.972,37.25,"{OFF,OFF,OFF,OFF,OFF,OFF}"
Voting-based,r4,3,0.7536,319.59,18.476666666666667,19.22,41.42,"{ON,OFF,OFF,OFF,OFF,ON}"
Voting-based,r4,4,0.8003,150.62,88.15599999999999,36.602,118.08,"{OFF,OFF,OFF,OFF,OFF,OFF}"
Voting-based,r4,5,0.8209,168.56,109.46600000000001,29.068,41.9,"{OFF,OFF,OFF,OFF,OFF,OFF}"
Voting-based,r4,6,0.8131,181.0,120.976,39.476,35.99,"{OFF,OFF,ON,OFF,OFF,OFF}"
Voting-based,r4,7,0.8183,223.7,139.402,41.75,33.88,"{OFF,OFF,ON,OFF,OFF,OFF}"
Voting-based,r4,8,0.8215,231.36,163.908,39.75,36.06,"{OFF,OFF,OFF,OFF,OFF,OFF}"
Voting-based,r4,9,0.8264,248.62,169.56199999999998,47.42,29.98,"{OFF,OFF,OFF,OFF,OFF,OFF}"
Voting-based,r4,10,0.8354,141.98,107.70666666666666,23.149999999999995,0.0,"{ON,OFF,OFF,OFF,OFF,OFF}"
Voting-based,r5,1,0.7251,99.03,32.047999999999995,27.982,33.07,"{OFF,OFF,OFF,OFF,OFF,OFF}"
Voting-based,r5,2,0.7839,117.9,53.60600000000001,35.10000000000001,30.96,"{OFF,OFF,OFF,OFF,OFF,OFF}"
Voting-based,r5,3,0.7918,310.89,68.654,40.26800000000001,211.13,"{OFF,OFF,OFF,OFF,OFF,ON}"
Voting-based,r5,4,0.7825,149.9,89.166,30.518000000000008,133.42,"{OFF,OFF,OFF,OFF,OFF,OFF}"
Voting-based,r5,5,0.7682,88.95,52.660000000000004,19.043333333333333,34.89,"{ON,OFF,OFF,OFF,OFF,OFF}"
Voting-based,r5,6,0.8403,182.21,119.2,36.858000000000004,29.64,"{OFF,OFF,OFF,OFF,OFF,OFF}"
Voting-based,r5,7,0.8056,216.29,141.528,42.343999999999994,42.62,"{OFF,OFF,OFF,OFF,OFF,OFF}"
Voting-based,r5,8,0.7675,131.6,71.25,31.71666666666667,36.19,"{ON,OFF,OFF,OFF,OFF,OFF}"
Voting-based,r5,9,0.8701,149.28,83.15333333333334,34.623333333333335,32.52,"{ON,OFF,OFF,OFF,OFF,OFF}"
Voting-based,r5,10,0.8353,238.98,165.31799999999998,43.326,0.0,"{OFF,OFF,OFF,OFF,OFF,OFF}"
Voting-based,r6,1,0.692,100.35,33.268,19.236,49.21,"{OFF,OFF,OFF,OFF,OFF,OFF}"
Voting-based,r6,2,0.7353,117.24,51.116,22.074,44.07,"{OFF,OFF,OFF,OFF,OFF,OFF}"
Voting-based,r6,3,0.7661,183.82,23.62,20.55333333333333,34.67,"{ON,OFF,OFF,OFF,OFF,ON}"
Voting-based,r6,4,0.7782,143.21,85.74999999999999,32.616,34.64,"{OFF,OFF,OFF,OFF,OFF,OFF}"
Voting-based,r6,5,0.8148,169.2,103.50399999999999,36.902,33.11,"{OFF,OFF,OFF,OFF,OFF,OFF}"
Voting-based,r6,6,0.8145,198.18,122.42599999999997,39.553999999999995,28.36,"{OFF,OFF,OFF,OFF,OFF,OFF}"
Voting-based,r6,7,0.7974,209.38,144.80800000000002,42.67999999999999,54.42,"{OFF,OFF,OFF,OFF,OFF,OFF}"
Voting-based,r6,8,0.8115,572.57,106.54400000000001,39.324,43.8,"{OFF,OFF,ON,OFF,OFF,ON}"
Voting-based,r6,9,0.8187,178.89,103.47666666666667,37.343333333333334,112.08,"{ON,OFF,OFF,OFF,OFF,OFF}"
Voting-based,r6,10,0.8152,256.28,177.31800000000004,53.402,0.0,"{OFF,OFF,OFF,OFF,OFF,OFF}"
Voting-based,r7,1,0.7251,103.38,35.903999999999996,30.536,45.04,"{OFF,OFF,OFF,OFF,OFF,OFF}"
Voting-based,r7,2,0.7639,119.9,53.672000000000004,28.278000000000002,33.15,"{OFF,OFF,OFF,OFF,OFF,OFF}"
Voting-based,r7,3,0.7502,309.58,15.293333333333335,9.11,46.64,"{ON,OFF,OFF,OFF,OFF,ON}"
Voting-based,r7,4,0.7966,149.79,84.52000000000001,35.028,34.99,"{OFF,OFF,OFF,OFF,OFF,OFF}"
Voting-based,r7,5,0.8029,187.14,113.806,36.215999999999994,34.62,"{OFF,OFF,OFF,OFF,OFF,OFF}"
Voting-based,r7,6,0.7868,131.0,75.67333333333333,29.046666666666667,36.87,"{ON,OFF,OFF,OFF,OFF,OFF}"
Voting-based,r7,7,0.821,402.16,101.726,39.644000000000005,48.36,"{OFF,OFF,OFF,OFF,OFF,ON}"
Voting-based,r7,8,0.8101,147.23,99.60000000000001,27.47666666666667,33.78,"{ON,OFF,OFF,OFF,OFF,OFF}"
Voting-based,r7,9,0.8403,243.9,171.82999999999998,44.263999999999996,32.56,"{OFF,OFF,OFF,OFF,OFF,OFF}"
Voting-based,r7,10,0.8149,268.39,42.9,29.293333333333333,0.0,"{ON,OFF,OFF,OFF,OFF,ON}"
Voting-based,r8,1,0.7188,96.33,32.730000000000004,24.81,31.97,"{OFF,OFF,OFF,OFF,OFF,OFF}"
Voting-based,r8,2,0.7428,89.53,35.53666666666667,24.55666666666667,155.69,"{ON,OFF,OFF,OFF,OFF,OFF}"
Voting-based,r8,3,0.7671,460.1,63.738,27.794,38.98,"{OFF,OFF,OFF,OFF,OFF,ON}"
Voting-based,r8,4,0.7902,158.75,87.784,33.668,37.44,"{OFF,OFF,OFF,OFF,OFF,OFF}"
Voting-based,r8,5,0.7795,111.79,53.54999999999999,30.01,41.86,"{ON,OFF,OFF,OFF,OFF,OFF}"
Voting-based,r8,6,0.7869,347.46,28.5,13.033333333333331,52.42,"{ON,OFF,OFF,OFF,OFF,ON}"
Voting-based,r8,7,0.7976,191.25,119.56333333333333,33.699999999999996,37.18,"{ON,OFF,OFF,OFF,OFF,OFF}"
Voting-based,r8,8,0.8341,216.4,131.9,41.827999999999996,34.01,"{OFF,OFF,OFF,OFF,OFF,OFF}"
Voting-based,r8,9,0.8383,133.25,98.08999999999999,23.33,30.73,"{ON,OFF,OFF,OFF,OFF,OFF}"
Voting-based,r8,10,0.8347,241.72,157.304,49.432,0.0,"{OFF,OFF,OFF,OFF,OFF,OFF}"
Voting-based,r9,1,0.732,132.81,37.834,26.727999999999998,49.66,"{OFF,OFF,OFF,OFF,OFF,OFF}"
Voting-based,r9,2,0.7324,81.01,30.55333333333333,23.929999999999996,101.11,"{ON,OFF,OFF,OFF,OFF,OFF}"
Voting-based,r9,3,0.7891,141.7,71.4,31.15,34.64,"{OFF,OFF,OFF,OFF,OFF,OFF}"
Voting-based,r9,4,0.761,299.11,23.633333333333336,21.006666666666664,27.78,"{ON,OFF,ON,OFF,OFF,ON}"
Voting-based,r9,5,0.8164,185.3,103.09200000000001,31.640000000000004,34.49,"{OFF,OFF,OFF,OFF,OFF,OFF}"
Voting-based,r9,6,0.8275,188.72,118.546,40.048,40.26,"{OFF,OFF,ON,OFF,OFF,OFF}"
Voting-based,r9,7,0.8078,126.36,80.48333333333333,29.959999999999997,145.59,"{ON,OFF,OFF,OFF,OFF,OFF}"
Voting-based,r9,8,0.8102,208.8,144.89600000000002,41.598,35.86,"{OFF,OFF,OFF,OFF,OFF,OFF}"
Voting-based,r9,9,0.8413,147.25,100.14666666666666,28.363333333333333,31.85,"{ON,OFF,OFF,OFF,OFF,OFF}"
Voting-based,r9,10,0.8114,185.26,113.39,35.31333333333333,0.0,"{ON,OFF,OFF,OFF,OFF,OFF}"
