round,policy,tag,turn,agent,role,rationale
1,Multiple AI-Agents (Role-Based),[Rationale CS],,,CS,"In this round, the Client Selector is not activated. All five clients are participating, and the Val F1 metrics are not provided, so I cannot assess performance degradation. The system configuration shows non-IID clients, but the baseline for activation is unclear. Since the Client Selector was off previously and no straggler effect is evident, keeping it off is prudent. Consult the CSV for detailed TrainingTime and CommTime metrics if available.
CS=OFF; MC=OFF; HDH=OFF"
1,Multiple AI-Agents (Role-Based),[Rationale MC],,,MC,"In this round, communication time has been consistently high, with a maximum of 50.44 seconds, and it is likely due to large model sizes or bandwidth issues. Enabling the Message Compressor should significantly reduce communication time without adding much overhead, especially considering the model sizes in the performance report. Although previous rounds had MC off, the recent trend in communication time shows an increase, so activating MC now is justified to mitigate this bottleneck.
CS=OFF; MC=ON; HDH=OFF"
1,Multiple AI-Agents (Role-Based),[Rationale HDH],,,HDH,"The heterogeneous_data_handler is activated to address the non-IID data distribution. In this round, three clients (IDs 1, 2, and 4) have non-IID data, as indicated by the system configuration. Despite previous rounds where it was off, the data distribution shows a clear presence of non-IID clients. Activating HDH will mitigate class imbalance and improve global model accuracy. Even though round times might be acceptable, the improvement in F1 score justifies its activation. The decision is based on the system configuration and the non-IID data presence, which is a strong indicator for using HDH. The system configuration also shows three non-IID clients, supporting the use of HDH to enhance model performance. It was previously off, so this is a probe to reassess its impact after some rounds. Note that activating HDH adds local computation overhead, but the potential improvement in model accuracy outweighs this in non-IID scenarios. Since the trend slope of CommunicationTime_s is positive, indicating increasing communication times, which might be a bottleneck, but the primary focus here is the data heterogeneity. CS and MC remain off. CS is off because there is no clear CPU-based straggler effect in the current round, and MC is off due to stable communication times. CS was previously off and remains so, while MC was off and unchanged. The selection_value for CS is irrelevant here, as CS is off. The rationale ends with CS=OFF; MC=OFF; HDH=ON"
2,Multiple AI-Agents (Role-Based),[Rationale CS],,,CS,"Considering the role as the specialist for 'client_selector', the system configuration shows clients with CPUs [5,5,5,3,3]. The client_selector should be ON to exclude slow clients (CPU=3) and mitigate the straggler effect, reducing total round time and training time. However, based on the last-round snapshot, Val F1 remained unchanged (delta=0), and total round time increased slightly (+0). Since the primary goal is to optimize metrics, and there are three high-CPU clients, the threshold should be set to 3 to include the five-CPU clients and exclude the three-CPU ones, ensuring at least two clients are active. Thus, I recommend turning ON client_selector with selection_value=3 to improve round efficiency without compromising model diversity.
CS=OFF; MC=OFF; HDH=OFF"
2,Multiple AI-Agents (Role-Based),[Rationale MC],,,MC,"Given the system configuration, the message_compressor is currently OFF and the recent performance metrics show that communication time and training time are within acceptable ranges. The Val F1 score has stabilized, and there is no clear bottleneck in communication time. Activating MC now might introduce unnecessary overhead without immediate benefits. Therefore, it remains OFF.
CS=OFF; MC=OFF; HDH=OFF"
2,Multiple AI-Agents (Role-Based),[Rationale HDH],,,HDH,"Given the presence of non-IID clients (clients 1,2,4), the Heterogeneous Data Handler should be activated to mitigate non-IID data issues. The Val F1 score has been low (0.367) and could benefit from HDH. Although HDH introduces local overhead, it is necessary to improve global model accuracy. The pattern was previously OFF, but the conditions for its use are still present. CS and MC remain OFF as their previous states, and since client_selector was OFF, no selection_value is needed. This change is for HDH only.

CS=OFF; MC=OFF; HDH=ON"
3,Multiple AI-Agents (Role-Based),[Rationale CS],,,CS,"Based on the system configuration, we analyze the Client Selector pattern. Given that 5 clients are present with CPUs: [5,5,5,3,3] and the second highest CPU is 5, the Client Selector can be considered to mitigate the Straggler effect. However, the decision to turn ON the Client Selector should be based on clear performance degradation from slow clients. In the previous rounds, Val F1 stagnated or improved slightly, and Total Round Time showed minimal increase. The previous configuration had the Client Selector OFF, so there's no strong evidence to justify turning it ON. It is safer to keep it OFF to preserve model diversity and avoid unnecessary overhead. Hence, set client_selector to OFF. The rationale concludes CS=OFF.
CS=OFF; MC=ON; HDH=ON"
3,Multiple AI-Agents (Role-Based),[Rationale MC],,,MC,"In this round, CommunicationTime_s increased from previous rounds. Since it was recently that Message Compressor was off (from previous round), and communication overhead remains high, reactivating MC is justified to reduce Communication Time, improving system efficiency. Other metrics remain stable, so focus on MC as the key factor.
CS=OFF; MC=ON; HDH=ON"
3,Multiple AI-Agents (Role-Based),[Rationale HDH],,,HDH,"The Heterogeneous Data Handler should be ON for round 4 to address non-IID issues. Given that the system is still in early stages and the Val F1 has not improved from round 2, it is appropriate to activate HDH to test its effect. This decision aligns with the guardrails and may improve performance if needed. CS and MC states are carried over from previous round. CS remains off to keep all clients active, and MC stays on as communication time was a concern earlier, but recent data shows it might need reevaluation. However, the decision for CS and MC is based solely on previous state, not this round. HDH activation is the key here, and it may help stabilize the model. Val F1 is improving gradually, but given the non-IID data presence, HDH remains a priority. CS remains off for now, allowing all clients to participate. Note: Selection_value not required.
CS=OFF; MC=ON; HDH=OFF"
4,Multiple AI-Agents (Role-Based),[Rationale CS],,,CS,"Client Selector is activated because there are clients with CPUs less than 5, which may cause straggler effects. By setting selection_value to 4, we include only clients with CPU>4. Given the CPUs [5,5,5,3,3], the threshold of 4 allows three high-spec clients (CPU=5) to participate while excluding the two low-spec clients (CPU=3). This reduces the Total Round Time and Training Time. The rationale focuses solely on Client Selector, ensuring at least two clients are active, and optimizing for round performance.
CS=ON; MC=OFF; HDH=ON"
4,Multiple AI-Agents (Role-Based),[Rationale MC],,,MC,"The system configuration shows that clients have CPUs ranging from 3 to 5, with non-IID data present. The Val F1 score remained unchanged from the previous round. Communication time shows a significant variance, with min and max values differing widely, indicating potential inefficiencies. The Message Compressor was previously turned OFF and it might help reduce communication time, but given the mixed results from historical data, I decided to keep it OFF. However, if communication time continues to be a bottleneck, it could be reconsidered. The Client Selector is OFF, and the Heterogeneous Data Handler is ON due to the presence of non-IID clients. All decisions are based on the current system configuration.
CS=OFF; MC=OFF; HDH=ON"
4,Multiple AI-Agents (Role-Based),[Rationale HDH],,,HDH,"Client Selector: The current CPU values (5,5,5,3,3) allow for efficient training without stragglers. Keep Client Selector OFF.
Message Compressor: Compression benefits might not outweigh overhead for the given model; keep OFF.
Heterogeneous Data Handler: NON-IID clients (IDs 1,2,4) are present. HDH is expected to improve model accuracy for non-IID data. Turn it ON to assess its effect. CS=<OFF>; MC=OFF; HDH=ON
CS=OFF; MC=OFF; HDH=ON"
5,Multiple AI-Agents (Role-Based),[Rationale CS],,,CS,"Based on the system configuration, clients have varying CPU capabilities: [5,5,5,3,3]. Activating the Client Selector to exclude low-CPU clients and mitigate the Straggler effect. The threshold is set to 4, as it is the second highest CPU value, ensuring at least two clients (with CPU=5) remain active. This decision is supported by a recent round where Communication Time and Training Time showed variability, indicating potential slowdowns from lower-CPU clients. The pattern was OFF previously, so consider its effect. CS=ON; MC=ON; HDH=OFF."
5,Multiple AI-Agents (Role-Based),[Rationale MC],,,MC,"Given that the system configuration shows that client_selector was previously OFF and there are no CPU-related issues to address, it should remain OFF. The heterogeneous_data_handler is also OFF and has no immediate need based on the data. However, for message_compressor, it has been active for some rounds but the CommunicationTime_s min/max shows a wide range, with a last value of 0.6 s and a max of 35.72 s. Considering that communication time can be high due to varying client conditions or model size, keeping message_compressor ON might help stabilize communication time. However, the trend_slope is very small (0.001), indicating minimal recent improvement. A careful balance must be maintained, but since it was previously ON and the conditions for high communication overhead are still present (non-IID data and slow clients), message_compressor remains ON as it provides a possible benefit with little overhead in this context. It was OFF in previous rounds and not because conditions were absent, so reactivating it is justified. For the other patterns, they are kept at their previous state. Note: The Client Selector is OFF, so no selection_value is needed. Finally, to summarize the overall decision: client_selector OFF, message_compressor ON, heterogeneous_data_handler OFF.
CS=OFF; MC=ON; HDH=OFF"
5,Multiple AI-Agents (Role-Based),[Rationale HDH],,,HDH,"The heterogeneous_data_handler should be activated to address the non-IID data distribution, as there are three non-IID clients (client IDs 1, 2, and 4) present. While it increases local computation, it can improve global model accuracy, especially for non-IID data. Based on previous rounds, activating HDH has improved Val F1 scores. Since the data remains non-IID and HDH has not been used recently, it is appropriate to turn it on again to enhance model performance. No other patterns are changed; client_selector remains off, and message_compressor stays on. This decision prioritizes improving model accuracy.
CS=OFF; MC=ON; HDH=ON"
6,Multiple AI-Agents (Role-Based),[Rationale CS],,,CS,"The Client Selector is activated to address the straggler effect from the low-CPU clients. With a cpu_per_client list of [5,5,5,3,3], a selection_value of 4 ensures at least two clients (those with CPU=5) remain active. This threshold excludes the two clients with CPU=3, which are likely causing slowdowns in round time and training time. The Client Selector will help maintain a faster round completion by focusing on the higher-CPU clients, as per guardrail recommendations. The other patterns are kept unchanged from previous round. CS=<ON>; MC=OFF; HDH=ON
CS=ON; MC=OFF; HDH=ON"
6,Multiple AI-Agents (Role-Based),[Rationale MC],,,MC,"Based on the current configuration, the client_selector should remain ON with a selection_value of 4 to ensure at least two clients (those with CPU=5) are active. The Message Compressor is currently OFF and remains OFF for now as the evidence for its benefit is not strong in the last few rounds. However, it is worth reconsidering in later rounds if Communication Time remains high. The Heterogeneous Data Handler remains ON to address non-IID clients, as indicated by data_persistence_per_client and non_iid_clients. This decision minimizes communication overhead and maintains model accuracy, but further monitoring may reveal opportunities for pattern optimization.
CS=ON; MC=OFF; HDH=ON"
6,Multiple AI-Agents (Role-Based),[Rationale HDH],,,HDH,"With five clients (CPU values: [5,5,5,3,3]), the safe threshold must allow at least two clients above. The highest CPU is 5, and the next highest is 5, so setting selection_value to 4 would keep only clients with CPU>4, which are the three with CPU=5. The two clients with CPU=3 would be excluded. The threshold must be 4, which is safe since 4 < 5 and there are multiple clients above. This ensures at least two clients (the three with CPU=5) are active. HDH is being kept active as per previous state and to maintain model diversity given the non-IID data present.
CS=ON; MC=OFF; HDH=ON"
7,Multiple AI-Agents (Role-Based),[Rationale MC],,,MC,"Based on the system configuration and recent performance, the Client Selector is set to 'ON' with selection_value=4, which excludes clients with CPU=3, to mitigate the straggler effect and reduce total round time and training time. Message Compressor is set to 'ON' to address the observed high communication time (mean 14.0046s) and improve efficiency. Heterogeneous Data Handler is kept 'ON' to handle non-IID data from clients 1,2,4, and improve global model accuracy, as it has been active previously. Activation of MC is appropriate given the high communication time and recent trend showing a positive delta in reducing communication overhead. This approach balances the potential overhead of compression with the benefits in communication time. CS is ON with threshold 4 to ensure only clients with sufficient CPU are active, maintaining system stability while optimizing round time. HDH is ON to manage data heterogeneity. Overall, these settings aim to minimize communication time and maintain model accuracy. CS=<ON>; MC=<ON>; HDH=<ON>
CS=ON; MC=ON; HDH=ON"
7,Multiple AI-Agents (Role-Based),[Rationale HDH],,,HDH,"Client Selector is activated with selection_value=4 to exclude clients with lower CPU, specifically the two clients with CPU=3, thereby improving round time. Given the Val F1 stagnation at 0.7146 from the last round, Message Compressor is kept active to address communication issues, particularly with the rising Communication Time in recent rounds. Heterogeneous Data Handler is turned ON again despite it being off in the previous round because the JSD (0.3000) indicates data heterogeneity and Val F1 has not shown significant improvement in recent rounds (last four rounds: 0.561, 0.601, 0.680, 0.7146). However, reactivating HDH can help mitigate non-IID data issues. CS=ON; MC=ON; HDH=ON."
8,Multiple AI-Agents (Role-Based),[Rationale CS],,,CS,"In this round, the system configuration shows five clients with CPU values [5, 5, 5, 3, 3]. Given that the client_selector has been ON in the previous round and the Val F1 score has remained stable, the Client Selector should be kept active to mitigate the straggler effect, ensuring faster round completion by excluding lower-CPU clients. The threshold must exclude only the clients with CPU=3. With a threshold of 4, only the three clients with CPU=5 are included, while the two with CPU=3 are excluded. This meets the requirement of having at least two active clients. The rationale is focused solely on the client_selector, as per the role focus.
CS=ON; MC=OFF; HDH=ON"
8,Multiple AI-Agents (Role-Based),[Rationale MC],,,MC,"The dataset is AG_NEWS, with 5 clients having CPU values [5,5,5,3,3]. Based on the Client Selector rules, the maximum CPU is 5, so safe thresholds are between 0 and 4, but we need to keep at least two clients. The Client Selector should be ON because clients have different CPU capabilities (5 vs 3). The smallest safe selection_value that ensures at least two clients are active (since the two highest CPU clients are 5) is 3, as it excludes the clients with 3 CPU and keeps three clients with 5 CPUs. This should reduce Total Round Time and Training Time. For the Message Compressor, CommunicationTime_s in the last round was 48.97 seconds (mean 14.28s, min 0.38s, max 50.44s) and TrainingTime_s was 2.56s (mean 2.09s, min 0.53s, max 3.64s). The CommunicationTime is the highest component of Total Round Time (53.31s), so reducing it with compression could significantly save time. However, compression adds overhead, but in this case, the potential gain from reducing high communication time outweighs the cost. The JSD is 0.30, indicating some non-IID data, but the F1 score didn't change much. Message Compressor is turned ON to improve communication time.

Note: Since the client_selector was already ON in the previous round with the same selection_value, it is kept active with the same configuration. Heterogeneous Data Handler is turned ON to address non-IID clients (three clients have non-IID data). Previous AP had it ON, and even though F1 didn't change, it was used in previous rounds to mitigate non-IID effects, so keep it ON. For the heterogeneous_data_handler, non-IID clients exist, so it should remain ON to handle potential non-IID issues.

All three architectural patterns are set to ON for this round to optimize performance.

CS=ON; MC=ON; HDH=ON"
8,Multiple AI-Agents (Role-Based),[Rationale HDH],,,HDH,"Based on the system configuration, heterogeneous_data_handler is activated to address non-IID data in clients 1, 2, and 4. Despite previous activation, HDH is necessary to mitigate potential performance degradation. The Val F1 remains stable at 0.7079, and while round times are acceptable, HDH can provide ongoing benefits for non-IID clients. The decision to keep it ON is consistent with the observed need for data augmentation on non-IID datasets. CS and MC remain OFF, as there is no clear bottleneck indicated by the metrics. 

HDH=ON; CS=OFF; MC=OFF
CS=OFF; MC=OFF; HDH=ON"
9,Multiple AI-Agents (Role-Based),[Rationale CS],,,CS,"Client Selector has been OFF since previous round, and the current CPU distribution includes three clients with CPU=5 and two with CPU=3. There is no clear evidence of straggler effect or performance degradation due to lower-CPU clients, as the Val F1 remained flat, Total Round Time delta was minimal, and Training Time showed acceptable range. With the model already trained, there are no immediate signs to justify excluding weaker clients. Hence, Client Selector is kept OFF to maintain client diversity and avoid unnecessary overhead. Rationale for other patterns is kept unchanged. CS=OFF; MC=ON; HDH=ON."
9,Multiple AI-Agents (Role-Based),[Rationale MC],,,MC,"Based on the current system configuration, the Client Selector is activated with a selection_value of 4 to exclude the clients with CPU=3 (clients 4 and 5) as they are the slowest, thus reducing the round time. The Message Compressor is set to ON to reduce communication time, which remains high in recent rounds. The Heterogeneous Data Handler remains ON to address non-IID data issues. Excluding low-CPU clients and compressing communications should improve round and training times without sacrificing model accuracy significantly. This decision aligns with the goal of optimizing evaluation metrics. CS=ON; MC=ON; HDH=ON"
9,Multiple AI-Agents (Role-Based),[Rationale HDH],,,HDH,"System configuration shows clients with CPUs [5,5,5,3,3]. To mitigate straggler effect, set selection_value=3, which excludes clients with CPU=3. This improves round and training times. Keeping other patterns active. HDH is active for non-IID data. Val F1 shows stability, but HDH remains for non-IID clients. Client_selector is kept ON based on previous state and CPU distribution. Selection_value=3 to maintain at least two clients with CPU>3. rationale ends with: CS=ON; MC=ON; HDH=ON"
